addr,name,size,file,status
0x08008000,FUN_08008000,226,08008000_FUN_08008000.c,ok
0x0800811C,thunk_FUN_08008000,2,0800811c_thunk_FUN_08008000.c,ok
0x0800811E,_unhandled_exception,4,0800811e__unhandled_exception.c,ok
0x08008122,FUN_08008122,2,08008122_FUN_08008122.c,ok
0x08008124,FUN_08008124,24,08008124_FUN_08008124.c,ok
0x0800813C,FUN_0800813c,18,0800813c_FUN_0800813c.c,ok
0x0800814E,FUN_0800814e,8,0800814e_FUN_0800814e.c,ok
0x08008158,FUN_08008158,34,08008158_FUN_08008158.c,ok
0x08008178,FUN_08008178,16,08008178_FUN_08008178.c,ok
0x08008188,FUN_08008188,666,08008188_FUN_08008188.c,ok
0x08008210,FUN_08008210,20,08008210_FUN_08008210.c,ok
0x08008220,FUN_08008220,10,08008220_FUN_08008220.c,ok
0x0800822A,FUN_0800822a,4,0800822a_FUN_0800822a.c,ok
0x08008448,FUN_08008448,84,08008448_FUN_08008448.c,ok
0x080084AC,FUN_080084ac,136,080084ac_FUN_080084ac.c,ok
0x08008544,FUN_08008544,46,08008544_FUN_08008544.c,ok
0x08008584,FUN_08008584,56,08008584_FUN_08008584.c,ok
0x080085BC,itoa,44,080085bc_itoa.c,ok
0x080085E8,FUN_080085e8,16,080085e8_FUN_080085e8.c,ok
0x080085F8,FUN_080085f8,152,080085f8_FUN_080085f8.c,ok
0x08008694,thunk_FUN_080085f8,4,08008694_thunk_FUN_080085f8.c,ok
0x080086C0,FUN_080086c0,216,080086c0_FUN_080086c0.c,ok
0x08008798,FUN_08008798,162,08008798_FUN_08008798.c,ok
0x0800883C,memcpy,306,0800883c_memcpy.c,ok
0x08008970,FUN_08008970,10,08008970_FUN_08008970.c,ok
0x08008980,FUN_08008980,10,08008980_FUN_08008980.c,ok
0x08008990,FUN_08008990,28,08008990_FUN_08008990.c,ok
0x080089AC,FUN_080089ac,34,080089ac_FUN_080089ac.c,ok
0x080089D4,FUN_080089d4,92,080089d4_FUN_080089d4.c,ok
0x08008A30,FUN_08008a30,58,08008a30_FUN_08008a30.c,ok
0x08008A6C,FUN_08008a6c,46,08008a6c_FUN_08008a6c.c,ok
0x08008A9C,FUN_08008a9c,30,08008a9c_FUN_08008a9c.c,ok
0x08008ABC,FUN_08008abc,598,08008abc_FUN_08008abc.c,ok
0x08008D28,FUN_08008d28,22,08008d28_FUN_08008d28.c,ok
0x08008D44,FUN_08008d44,134,08008d44_FUN_08008d44.c,ok
0x08008DCC,FUN_08008dcc,20,08008dcc_FUN_08008dcc.c,ok
0x08008DE4,FUN_08008de4,762,08008de4_FUN_08008de4.c,ok
0x080090E4,FUN_080090e4,44,080090e4_FUN_080090e4.c,ok
0x08009110,FUN_08009110,74,08009110_FUN_08009110.c,ok
0x0800915E,FUN_0800915e,78,0800915e_FUN_0800915e.c,ok
0x080091AC,FUN_080091ac,96,080091ac_FUN_080091ac.c,ok
0x0800920C,FUN_0800920c,80,0800920c_FUN_0800920c.c,ok
0x08009260,FUN_08009260,70,08009260_FUN_08009260.c,ok
0x080092AC,FUN_080092ac,48,080092ac_FUN_080092ac.c,ok
0x080092E0,FUN_080092e0,94,080092e0_FUN_080092e0.c,ok
0x08009344,FUN_08009344,4,08009344_FUN_08009344.c,ok
0x08009348,FUN_08009348,10,08009348_FUN_08009348.c,ok
0x08009360,FUN_08009360,50,08009360_FUN_08009360.c,ok
0x080093A0,FUN_080093a0,4,080093a0_FUN_080093a0.c,ok
0x080093A4,FUN_080093a4,174,080093a4_FUN_080093a4.c,ok
0x08009474,FUN_08009474,150,08009474_FUN_08009474.c,ok
0x08009518,FUN_08009518,22,08009518_FUN_08009518.c,ok
0x08009538,FUN_08009538,2,08009538_FUN_08009538.c,ok
0x0800953C,FUN_0800953c,2,0800953c_FUN_0800953c.c,ok
0x08009540,FUN_08009540,10,08009540_FUN_08009540.c,ok
0x08009554,FUN_08009554,10,08009554_FUN_08009554.c,ok
0x08009568,FUN_08009568,286,08009568_FUN_08009568.c,ok
0x0800968C,FUN_0800968c,54,0800968c_FUN_0800968c.c,ok
0x080096C4,FUN_080096c4,60,080096c4_FUN_080096c4.c,ok
0x08009710,FUN_08009710,68,08009710_FUN_08009710.c,ok
0x08009758,FUN_08009758,252,08009758_FUN_08009758.c,ok
0x08009858,FUN_08009858,182,08009858_FUN_08009858.c,ok
0x08009914,FUN_08009914,254,08009914_FUN_08009914.c,ok
0x08009A14,FUN_08009a14,68,08009a14_FUN_08009a14.c,ok
0x08009A60,FUN_08009a60,158,08009a60_FUN_08009a60.c,ok
0x08009B00,FUN_08009b00,190,08009b00_FUN_08009b00.c,ok
0x08009BC4,FUN_08009bc4,100,08009bc4_FUN_08009bc4.c,ok
0x08009C28,FUN_08009c28,290,08009c28_FUN_08009c28.c,ok
0x08009D4C,FUN_08009d4c,570,08009d4c_FUN_08009d4c.c,ok
0x08009FD0,FUN_08009fd0,2,08009fd0_FUN_08009fd0.c,ok
0x08009FD4,FUN_08009fd4,2,08009fd4_FUN_08009fd4.c,ok
0x08009FD8,FUN_08009fd8,196,08009fd8_FUN_08009fd8.c,ok
0x0800A09C,FUN_0800a09c,78,0800a09c_FUN_0800a09c.c,ok
0x0800A0EC,FUN_0800a0ec,34,0800a0ec_FUN_0800a0ec.c,ok
0x0800A110,FUN_0800a110,4,0800a110_FUN_0800a110.c,ok
0x0800A114,FUN_0800a114,66,0800a114_FUN_0800a114.c,ok
0x0800A154,FUN_0800a154,34,0800a154_FUN_0800a154.c,ok
0x0800A178,FUN_0800a178,12,0800a178_FUN_0800a178.c,ok
0x0800A180,FUN_0800a180,16,0800a180_FUN_0800a180.c,ok
0x0800A190,FUN_0800a190,38,0800a190_FUN_0800a190.c,ok
0x0800A1BC,thunk_FUN_080166fc,4,0800a1bc_thunk_FUN_080166fc.c,ok
0x0800A1C0,FUN_0800a1c0,16,0800a1c0_FUN_0800a1c0.c,ok
0x0800A1D8,FUN_0800a1d8,24,0800a1d8_FUN_0800a1d8.c,ok
0x0800A1FC,FUN_0800a1fc,56,0800a1fc_FUN_0800a1fc.c,ok
0x0800A240,FUN_0800a240,40,0800a240_FUN_0800a240.c,ok
0x0800A268,FUN_0800a268,36,0800a268_FUN_0800a268.c,ok
0x0800A298,FUN_0800a298,54,0800a298_FUN_0800a298.c,ok
0x0800A2DC,FUN_0800a2dc,82,0800a2dc_FUN_0800a2dc.c,ok
0x0800A33C,FUN_0800a33c,88,0800a33c_FUN_0800a33c.c,ok
0x0800A3A0,FUN_0800a3a0,44,0800a3a0_FUN_0800a3a0.c,ok
0x0800A3D4,FUN_0800a3d4,54,0800a3d4_FUN_0800a3d4.c,ok
0x0800A41C,FUN_0800a41c,10,0800a41c_FUN_0800a41c.c,ok
0x0800A42C,FUN_0800a42c,2,0800a42c_FUN_0800a42c.c,ok
0x0800A42E,FUN_0800a42e,2,0800a42e_FUN_0800a42e.c,ok
0x0800A430,FUN_0800a430,2,0800a430_FUN_0800a430.c,ok
0x0800A432,FUN_0800a432,2,0800a432_FUN_0800a432.c,ok
0x0800A434,FUN_0800a434,2,0800a434_FUN_0800a434.c,ok
0x0800A436,FUN_0800a436,2,0800a436_FUN_0800a436.c,ok
0x0800A458,FUN_0800a458,80,0800a458_FUN_0800a458.c,ok
0x0800A4B0,FUN_0800a4b0,78,0800a4b0_FUN_0800a4b0.c,ok
0x0800A4E8,FUN_0800a4e8,126,0800a4e8_FUN_0800a4e8.c,ok
0x0800A570,FUN_0800a570,396,0800a570_FUN_0800a570.c,ok
0x0800A754,FUN_0800a754,36,0800a754_FUN_0800a754.c,ok
0x0800A77C,FUN_0800a77c,6,0800a77c_FUN_0800a77c.c,ok
0x0800A788,process_record_wireless,62,0800a788_process_record_wireless.c,ok
0x0800A7CC,FUN_0800a7cc,38,0800a7cc_FUN_0800a7cc.c,ok
0x0800A808,FUN_0800a808,42,0800a808_FUN_0800a808.c,ok
0x0800A840,FUN_0800a840,40,0800a840_FUN_0800a840.c,ok
0x0800A874,FUN_0800a874,16,0800a874_FUN_0800a874.c,ok
0x0800A88C,FUN_0800a88c,12,0800a88c_FUN_0800a88c.c,ok
0x0800A89C,FUN_0800a89c,24,0800a89c_FUN_0800a89c.c,ok
0x0800A8BC,FUN_0800a8bc,6,0800a8bc_FUN_0800a8bc.c,ok
0x0800A8C8,FUN_0800a8c8,6,0800a8c8_FUN_0800a8c8.c,ok
0x0800A8D4,FUN_0800a8d4,162,0800a8d4_FUN_0800a8d4.c,ok
0x0800A98C,FUN_0800a98c,130,0800a98c_FUN_0800a98c.c,ok
0x0800AA20,FUN_0800aa20,58,0800aa20_FUN_0800aa20.c,ok
0x0800AA64,FUN_0800aa64,200,0800aa64_FUN_0800aa64.c,ok
0x0800AB3C,FUN_0800ab3c,48,0800ab3c_FUN_0800ab3c.c,ok
0x0800AB70,FUN_0800ab70,48,0800ab70_FUN_0800ab70.c,ok
0x0800ABA4,FUN_0800aba4,50,0800aba4_FUN_0800aba4.c,ok
0x0800ABDC,FUN_0800abdc,60,0800abdc_FUN_0800abdc.c,ok
0x0800AC1C,FUN_0800ac1c,70,0800ac1c_FUN_0800ac1c.c,ok
0x0800AC68,FUN_0800ac68,118,0800ac68_FUN_0800ac68.c,ok
0x0800ACEC,FUN_0800acec,60,0800acec_FUN_0800acec.c,ok
0x0800AD2C,FUN_0800ad2c,60,0800ad2c_FUN_0800ad2c.c,ok
0x0800AD70,FUN_0800ad70,44,0800ad70_FUN_0800ad70.c,ok
0x0800ADA0,FUN_0800ada0,78,0800ada0_FUN_0800ada0.c,ok
0x0800ADF8,FUN_0800adf8,36,0800adf8_FUN_0800adf8.c,ok
0x0800AE58,FUN_0800ae58,44,0800ae58_FUN_0800ae58.c,ok
0x0800AE88,FUN_0800ae88,48,0800ae88_FUN_0800ae88.c,ok
0x0800AEBC,FUN_0800aebc,56,0800aebc_FUN_0800aebc.c,ok
0x0800AEF8,FUN_0800aef8,48,0800aef8_FUN_0800aef8.c,ok
0x0800AF8C,FUN_0800af8c,124,0800af8c_FUN_0800af8c.c,ok
0x0800B008,FUN_0800b008,616,0800b008_FUN_0800b008.c,ok
0x0800B290,lkbt51_dfu_rx,148,0800b290_lkbt51_dfu_rx.c,ok
0x0800B328,FUN_0800b328,34,0800b328_FUN_0800b328.c,ok
0x0800B354,FUN_0800b354,18,0800b354_FUN_0800b354.c,ok
0x0800B366,thunk_FUN_08010cd4,4,0800b366_thunk_FUN_08010cd4.c,ok
0x0800B36A,FUN_0800b36a,14,0800b36a_FUN_0800b36a.c,ok
0x0800B378,FUN_0800b378,30,0800b378_FUN_0800b378.c,ok
0x0800B39C,FUN_0800b39c,28,0800b39c_FUN_0800b39c.c,ok
0x0800B3C4,FUN_0800b3c4,34,0800b3c4_FUN_0800b3c4.c,ok
0x0800B3EC,FUN_0800b3ec,38,0800b3ec_FUN_0800b3ec.c,ok
0x0800B420,FUN_0800b420,102,0800b420_FUN_0800b420.c,ok
0x0800B494,FUN_0800b494,44,0800b494_FUN_0800b494.c,ok
0x0800B4C4,FUN_0800b4c4,250,0800b4c4_FUN_0800b4c4.c,ok
0x0800B5D0,FUN_0800b5d0,200,0800b5d0_FUN_0800b5d0.c,ok
0x0800B6AC,FUN_0800b6ac,292,0800b6ac_FUN_0800b6ac.c,ok
0x0800B800,FUN_0800b800,24,0800b800_FUN_0800b800.c,ok
0x0800B81C,FUN_0800b81c,16,0800b81c_FUN_0800b81c.c,ok
0x0800B82C,FUN_0800b82c,154,0800b82c_FUN_0800b82c.c,ok
0x0800B8DC,FUN_0800b8dc,48,0800b8dc_FUN_0800b8dc.c,ok
0x0800B91C,FUN_0800b91c,78,0800b91c_FUN_0800b91c.c,ok
0x0800B970,FUN_0800b970,2,0800b970_FUN_0800b970.c,ok
0x0800B972,FUN_0800b972,30,0800b972_FUN_0800b972.c,ok
0x0800B990,FUN_0800b990,90,0800b990_FUN_0800b990.c,ok
0x0800B9F8,FUN_0800b9f8,90,0800b9f8_FUN_0800b9f8.c,ok
0x0800BA60,FUN_0800ba60,52,0800ba60_FUN_0800ba60.c,ok
0x0800BA9C,FUN_0800ba9c,258,0800ba9c_FUN_0800ba9c.c,ok
0x0800BBB4,FUN_0800bbb4,6,0800bbb4_FUN_0800bbb4.c,ok
0x0800BBC0,FUN_0800bbc0,108,0800bbc0_FUN_0800bbc0.c,ok
0x0800BC30,FUN_0800bc30,58,0800bc30_FUN_0800bc30.c,ok
0x0800BC70,FUN_0800bc70,18,0800bc70_FUN_0800bc70.c,ok
0x0800BC8C,FUN_0800bc8c,20,0800bc8c_FUN_0800bc8c.c,ok
0x0800BCA4,FUN_0800bca4,12,0800bca4_FUN_0800bca4.c,ok
0x0800BCB8,FUN_0800bcb8,12,0800bcb8_FUN_0800bcb8.c,ok
0x0800BCC8,FUN_0800bcc8,242,0800bcc8_FUN_0800bcc8.c,ok
0x0800BDCC,FUN_0800bdcc,418,0800bdcc_FUN_0800bdcc.c,ok
0x0800BF94,FUN_0800bf94,84,0800bf94_FUN_0800bf94.c,ok
0x0800BFF4,FUN_0800bff4,82,0800bff4_FUN_0800bff4.c,ok
0x0800C058,FUN_0800c058,12,0800c058_FUN_0800c058.c,ok
0x0800C068,FUN_0800c068,2,0800c068_FUN_0800c068.c,ok
0x0800C06A,FUN_0800c06a,58,0800c06a_FUN_0800c06a.c,ok
0x0800C074,FUN_0800c074,104,0800c074_FUN_0800c074.c,ok
0x0800C0EC,FUN_0800c0ec,84,0800c0ec_FUN_0800c0ec.c,ok
0x0800C144,FUN_0800c144,14,0800c144_FUN_0800c144.c,ok
0x0800C158,FUN_0800c158,14,0800c158_FUN_0800c158.c,ok
0x0800C16C,FUN_0800c16c,52,0800c16c_FUN_0800c16c.c,ok
0x0800C1AC,FUN_0800c1ac,44,0800c1ac_FUN_0800c1ac.c,ok
0x0800C1E0,FUN_0800c1e0,178,0800c1e0_FUN_0800c1e0.c,ok
0x0800C2AC,FUN_0800c2ac,54,0800c2ac_FUN_0800c2ac.c,ok
0x0800C304,FUN_0800c304,12,0800c304_FUN_0800c304.c,ok
0x0800C314,FUN_0800c314,100,0800c314_FUN_0800c314.c,ok
0x0800C390,FUN_0800c390,134,0800c390_FUN_0800c390.c,ok
0x0800C43C,FUN_0800c43c,34,0800c43c_FUN_0800c43c.c,ok
0x0800C46C,FUN_0800c46c,22,0800c46c_FUN_0800c46c.c,ok
0x0800C48C,FUN_0800c48c,22,0800c48c_FUN_0800c48c.c,ok
0x0800C4A8,FUN_0800c4a8,12,0800c4a8_FUN_0800c4a8.c,ok
0x0800C4B4,FUN_0800c4b4,144,0800c4b4_FUN_0800c4b4.c,ok
0x0800C54C,FUN_0800c54c,54,0800c54c_FUN_0800c54c.c,ok
0x0800C594,thunk_FUN_0800c54c,4,0800c594_thunk_FUN_0800c54c.c,ok
0x0800C598,FUN_0800c598,40,0800c598_FUN_0800c598.c,ok
0x0800C5C4,FUN_0800c5c4,34,0800c5c4_FUN_0800c5c4.c,ok
0x0800C5EC,FUN_0800c5ec,164,0800c5ec_FUN_0800c5ec.c,ok
0x0800C69C,FUN_0800c69c,4,0800c69c_FUN_0800c69c.c,ok
0x0800C6A0,FUN_0800c6a0,38,0800c6a0_FUN_0800c6a0.c,ok
0x0800C6C6,FUN_0800c6c6,14,0800c6c6_FUN_0800c6c6.c,ok
0x0800C6D4,FUN_0800c6d4,20,0800c6d4_FUN_0800c6d4.c,ok
0x0800C6E8,process_record_kb,26,0800c6e8_process_record_kb.c,ok
0x0800C702,FUN_0800c702,18,0800c702_FUN_0800c702.c,ok
0x0800C714,thunk_FUN_0800c6d4,4,0800c714_thunk_FUN_0800c6d4.c,ok
0x0800C718,FUN_0800c718,60,0800c718_FUN_0800c718.c,ok
0x0800C720,process_record_keychron_common,158,0800c720_process_record_keychron_common.c,ok
0x0800C7DC,FUN_0800c7dc,42,0800c7dc_FUN_0800c7dc.c,ok
0x0800C810,FUN_0800c810,84,0800c810_FUN_0800c810.c,ok
0x0800C874,kc_raw_hid_rx,104,0800c874_kc_raw_hid_rx.c,ok
0x0800C908,FUN_0800c908,14,0800c908_FUN_0800c908.c,ok
0x0800C918,FUN_0800c918,12,0800c918_FUN_0800c918.c,ok
0x0800C928,process_record_factory_test,226,0800c928_process_record_factory_test.c,ok
0x0800CA18,FUN_0800ca18,80,0800ca18_FUN_0800ca18.c,ok
0x0800CA74,FUN_0800ca74,12,0800ca74_FUN_0800ca74.c,ok
0x0800CA84,FUN_0800ca84,162,0800ca84_FUN_0800ca84.c,ok
0x0800CB44,FUN_0800cb44,74,0800cb44_FUN_0800cb44.c,ok
0x0800CB90,factory_test_rx,392,0800cb90_factory_test_rx.c,ok
0x0800CCF0,FUN_0800ccf0,36,0800ccf0_FUN_0800ccf0.c,ok
0x0800CD18,FUN_0800cd18,32,0800cd18_FUN_0800cd18.c,ok
0x0800CD38,FUN_0800cd38,66,0800cd38_FUN_0800cd38.c,ok
0x0800CD88,FUN_0800cd88,38,0800cd88_FUN_0800cd88.c,ok
0x0800CDB8,FUN_0800cdb8,28,0800cdb8_FUN_0800cdb8.c,ok
0x0800CDD8,FUN_0800cdd8,2,0800cdd8_FUN_0800cdd8.c,ok
0x0800CDDA,FUN_0800cdda,26,0800cdda_FUN_0800cdda.c,ok
0x0800CDF4,FUN_0800cdf4,10,0800cdf4_FUN_0800cdf4.c,ok
0x0800CDFE,FUN_0800cdfe,354,0800cdfe_FUN_0800cdfe.c,ok
0x0800CF60,FUN_0800cf60,18,0800cf60_FUN_0800cf60.c,ok
0x0800CF74,FUN_0800cf74,130,0800cf74_FUN_0800cf74.c,ok
0x0800D010,FUN_0800d010,110,0800d010_FUN_0800d010.c,ok
0x0800D088,thunk_FUN_0800d010,4,0800d088_thunk_FUN_0800d010.c,ok
0x0800D08C,thunk_FUN_0800d010,4,0800d08c_thunk_FUN_0800d010.c,ok
0x0800D090,FUN_0800d090,32,0800d090_FUN_0800d090.c,ok
0x0800D0B4,FUN_0800d0b4,66,0800d0b4_FUN_0800d0b4.c,ok
0x0800D104,process_record_user,180,0800d104_process_record_user.c,ok
0x0800D1C4,FUN_0800d1c4,38,0800d1c4_FUN_0800d1c4.c,ok
0x0800D1EC,FUN_0800d1ec,104,0800d1ec_FUN_0800d1ec.c,ok
0x0800D25C,FUN_0800d25c,26,0800d25c_FUN_0800d25c.c,ok
0x0800D27C,keycode_at_keymap_location_raw,36,0800d27c_keycode_at_keymap_location_raw.c,ok
0x0800D2A4,keycode_at_keymap_location,4,0800d2a4_keycode_at_keymap_location.c,ok
0x0800D2A8,keycode_at_encodermap_location_raw,26,0800d2a8_keycode_at_encodermap_location_raw.c,ok
0x0800D2C8,keycode_at_encodermap_location,4,0800d2c8_keycode_at_encodermap_location.c,ok
0x0800D2CC,FUN_0800d2cc,4,0800d2cc_FUN_0800d2cc.c,ok
0x0800D2D0,FUN_0800d2d0,8,0800d2d0_FUN_0800d2d0.c,ok
0x0800D2D8,process_action_kb,4,0800d2d8_process_action_kb.c,ok
0x0800D2DC,FUN_0800d2dc,2,0800d2dc_FUN_0800d2dc.c,ok
0x0800D2DE,FUN_0800d2de,8,0800d2de_FUN_0800d2de.c,ok
0x0800D2E8,get_event_keycode,70,0800d2e8_get_event_keycode.c,ok
0x0800D334,get_record_keycode,24,0800d334_get_record_keycode.c,ok
0x0800D34C,FUN_0800d34c,18,0800d34c_FUN_0800d34c.c,ok
0x0800D35E,FUN_0800d35e,18,0800d35e_FUN_0800d35e.c,ok
0x0800D370,FUN_0800d370,4,0800d370_FUN_0800d370.c,ok
0x0800D374,FUN_0800d374,8,0800d374_FUN_0800d374.c,ok
0x0800D37C,FUN_0800d37c,26,0800d37c_FUN_0800d37c.c,ok
0x0800D396,reset_keyboard,16,0800d396_reset_keyboard.c,ok
0x0800D3A6,soft_reset_keyboard,16,0800d3a6_soft_reset_keyboard.c,ok
0x0800D3B6,process_record_quantum,166,0800d3b6_process_record_quantum.c,ok
0x0800D45C,FUN_0800d45c,24,0800d45c_FUN_0800d45c.c,ok
0x0800D474,FUN_0800d474,20,0800d474_FUN_0800d474.c,ok
0x0800D488,get_highest_layer,40,0800d488_get_highest_layer.c,ok
0x0800D4B0,FUN_0800d4b0,2,0800d4b0_FUN_0800d4b0.c,ok
0x0800D4B2,FUN_0800d4b2,4,0800d4b2_FUN_0800d4b2.c,ok
0x0800D4B6,FUN_0800d4b6,2,0800d4b6_FUN_0800d4b6.c,ok
0x0800D4B8,FUN_0800d4b8,2,0800d4b8_FUN_0800d4b8.c,ok
0x0800D4BA,FUN_0800d4ba,16,0800d4ba_FUN_0800d4ba.c,ok
0x0800D4CA,FUN_0800d4ca,10,0800d4ca_FUN_0800d4ca.c,ok
0x0800D4D4,FUN_0800d4d4,12,0800d4d4_FUN_0800d4d4.c,ok
0x0800D4E0,FUN_0800d4e0,34,0800d4e0_FUN_0800d4e0.c,ok
0x0800D50C,FUN_0800d50c,64,0800d50c_FUN_0800d50c.c,ok
0x0800D54C,FUN_0800d54c,14,0800d54c_FUN_0800d54c.c,ok
0x0800D55A,FUN_0800d55a,22,0800d55a_FUN_0800d55a.c,ok
0x0800D570,register_code,140,0800d570_register_code.c,ok
0x0800D600,unregister_code,114,0800d600_unregister_code.c,ok
0x0800D672,FUN_0800d672,18,0800d672_FUN_0800d672.c,ok
0x0800D684,FUN_0800d684,18,0800d684_FUN_0800d684.c,ok
0x0800D698,FUN_0800d698,1010,0800d698_FUN_0800d698.c,ok
0x0800DAB4,FUN_0800dab4,34,0800dab4_FUN_0800dab4.c,ok
0x0800DAD8,FUN_0800dad8,56,0800dad8_FUN_0800dad8.c,ok
0x0800DB14,FUN_0800db14,34,0800db14_FUN_0800db14.c,ok
0x0800DB36,FUN_0800db36,14,0800db36_FUN_0800db36.c,ok
0x0800DB44,FUN_0800db44,14,0800db44_FUN_0800db44.c,ok
0x0800DB94,FUN_0800db94,90,0800db94_FUN_0800db94.c,ok
0x0800DBAC,FUN_0800dbac,12,0800dbac_FUN_0800dbac.c,ok
0x0800DBB8,FUN_0800dbb8,12,0800dbb8_FUN_0800dbb8.c,ok
0x0800DBC4,FUN_0800dbc4,2,0800dbc4_FUN_0800dbc4.c,ok
0x0800DBC6,FUN_0800dbc6,8,0800dbc6_FUN_0800dbc6.c,ok
0x0800DBD0,FUN_0800dbd0,12,0800dbd0_FUN_0800dbd0.c,ok
0x0800DBE0,FUN_0800dbe0,2,0800dbe0_FUN_0800dbe0.c,ok
0x0800DBE2,thunk_FUN_0800dbd0,4,0800dbe2_thunk_FUN_0800dbd0.c,ok
0x0800DBE8,FUN_0800dbe8,10,0800dbe8_FUN_0800dbe8.c,ok
0x0800DBF8,FUN_0800dbf8,10,0800dbf8_FUN_0800dbf8.c,ok
0x0800DC08,FUN_0800dc08,10,0800dc08_FUN_0800dc08.c,ok
0x0800DC18,FUN_0800dc18,2,0800dc18_FUN_0800dc18.c,ok
0x0800DC1A,FUN_0800dc1a,8,0800dc1a_FUN_0800dc1a.c,ok
0x0800DC24,FUN_0800dc24,12,0800dc24_FUN_0800dc24.c,ok
0x0800DC34,FUN_0800dc34,6,0800dc34_FUN_0800dc34.c,ok
0x0800DC3C,FUN_0800dc3c,24,0800dc3c_FUN_0800dc3c.c,ok
0x0800DC58,FUN_0800dc58,12,0800dc58_FUN_0800dc58.c,ok
0x0800DC64,FUN_0800dc64,18,0800dc64_FUN_0800dc64.c,ok
0x0800DC7C,FUN_0800dc7c,16,0800dc7c_FUN_0800dc7c.c,ok
0x0800DC90,FUN_0800dc90,18,0800dc90_FUN_0800dc90.c,ok
0x0800DCA8,FUN_0800dca8,10,0800dca8_FUN_0800dca8.c,ok
0x0800DCB8,FUN_0800dcb8,10,0800dcb8_FUN_0800dcb8.c,ok
0x0800DCC8,FUN_0800dcc8,10,0800dcc8_FUN_0800dcc8.c,ok
0x0800DCD8,FUN_0800dcd8,2,0800dcd8_FUN_0800dcd8.c,ok
0x0800DD0C,FUN_0800dd0c,38,0800dd0c_FUN_0800dd0c.c,ok
0x0800DD34,update_source_layers_cache,110,0800dd34_update_source_layers_cache.c,ok
0x0800DD78,read_source_layers_cache,52,0800dd78_read_source_layers_cache.c,ok
0x0800DDB4,layer_switch_get_layer,58,0800ddb4_layer_switch_get_layer.c,ok
0x0800DDF8,FUN_0800ddf8,24,0800ddf8_FUN_0800ddf8.c,ok
0x0800DE10,FUN_0800de10,66,0800de10_FUN_0800de10.c,ok
0x0800DE58,FUN_0800de58,52,0800de58_FUN_0800de58.c,ok
0x0800DE98,FUN_0800de98,28,0800de98_FUN_0800de98.c,ok
0x0800DEB8,FUN_0800deb8,56,0800deb8_FUN_0800deb8.c,ok
0x0800DEFC,FUN_0800defc,4,0800defc_FUN_0800defc.c,ok
0x0800DF00,FUN_0800df00,132,0800df00_FUN_0800df00.c,ok
0x0800DF94,FUN_0800df94,644,0800df94_FUN_0800df94.c,ok
0x0800E21C,FUN_0800e21c,178,0800e21c_FUN_0800e21c.c,ok
0x0800E2E0,FUN_0800e2e0,8,0800e2e0_FUN_0800e2e0.c,ok
0x0800E2EC,FUN_0800e2ec,10,0800e2ec_FUN_0800e2ec.c,ok
0x0800E2FC,FUN_0800e2fc,14,0800e2fc_FUN_0800e2fc.c,ok
0x0800E310,FUN_0800e310,6,0800e310_FUN_0800e310.c,ok
0x0800E31C,FUN_0800e31c,10,0800e31c_FUN_0800e31c.c,ok
0x0800E32C,FUN_0800e32c,12,0800e32c_FUN_0800e32c.c,ok
0x0800E33C,FUN_0800e33c,8,0800e33c_FUN_0800e33c.c,ok
0x0800E348,FUN_0800e348,6,0800e348_FUN_0800e348.c,ok
0x0800E354,FUN_0800e354,10,0800e354_FUN_0800e354.c,ok
0x0800E364,FUN_0800e364,12,0800e364_FUN_0800e364.c,ok
0x0800E374,FUN_0800e374,8,0800e374_FUN_0800e374.c,ok
0x0800E380,FUN_0800e380,6,0800e380_FUN_0800e380.c,ok
0x0800E38C,FUN_0800e38c,8,0800e38c_FUN_0800e38c.c,ok
0x0800E394,FUN_0800e394,22,0800e394_FUN_0800e394.c,ok
0x0800E3B0,FUN_0800e3b0,18,0800e3b0_FUN_0800e3b0.c,ok
0x0800E3C8,FUN_0800e3c8,22,0800e3c8_FUN_0800e3c8.c,ok
0x0800E3E4,FUN_0800e3e4,8,0800e3e4_FUN_0800e3e4.c,ok
0x0800E3EC,FUN_0800e3ec,22,0800e3ec_FUN_0800e3ec.c,ok
0x0800E408,FUN_0800e408,22,0800e408_FUN_0800e408.c,ok
0x0800E424,FUN_0800e424,18,0800e424_FUN_0800e424.c,ok
0x0800E43C,FUN_0800e43c,34,0800e43c_FUN_0800e43c.c,ok
0x0800E46C,FUN_0800e46c,48,0800e46c_FUN_0800e46c.c,ok
0x0800E4A4,FUN_0800e4a4,48,0800e4a4_FUN_0800e4a4.c,ok
0x0800E4DC,FUN_0800e4dc,24,0800e4dc_FUN_0800e4dc.c,ok
0x0800E4FC,FUN_0800e4fc,8,0800e4fc_FUN_0800e4fc.c,ok
0x0800E504,FUN_0800e504,40,0800e504_FUN_0800e504.c,ok
0x0800E534,FUN_0800e534,14,0800e534_FUN_0800e534.c,ok
0x0800E548,FUN_0800e548,44,0800e548_FUN_0800e548.c,ok
0x0800E57C,FUN_0800e57c,38,0800e57c_FUN_0800e57c.c,ok
0x0800E5A8,FUN_0800e5a8,20,0800e5a8_FUN_0800e5a8.c,ok
0x0800E5C0,FUN_0800e5c0,6,0800e5c0_FUN_0800e5c0.c,ok
0x0800E5C6,FUN_0800e5c6,6,0800e5c6_FUN_0800e5c6.c,ok
0x0800E5CC,FUN_0800e5cc,20,0800e5cc_FUN_0800e5cc.c,ok
0x0800E5E0,FUN_0800e5e0,20,0800e5e0_FUN_0800e5e0.c,ok
0x0800E5F4,FUN_0800e5f4,6,0800e5f4_FUN_0800e5f4.c,ok
0x0800E5FA,FUN_0800e5fa,6,0800e5fa_FUN_0800e5fa.c,ok
0x0800E600,FUN_0800e600,6,0800e600_FUN_0800e600.c,ok
0x0800E606,FUN_0800e606,8,0800e606_FUN_0800e606.c,ok
0x0800E60E,FUN_0800e60e,8,0800e60e_FUN_0800e60e.c,ok
0x0800E61E,FUN_0800e61e,14,0800e61e_FUN_0800e61e.c,ok
0x0800E624,FUN_0800e624,14,0800e624_FUN_0800e624.c,ok
0x0800E634,FUN_0800e634,138,0800e634_FUN_0800e634.c,ok
0x0800E6C4,thunk_FUN_0800e634,4,0800e6c4_thunk_FUN_0800e634.c,ok
0x0800E6C8,FUN_0800e6c8,50,0800e6c8_FUN_0800e6c8.c,ok
0x0800E700,FUN_0800e700,16,0800e700_FUN_0800e700.c,ok
0x0800E718,FUN_0800e718,16,0800e718_FUN_0800e718.c,ok
0x0800E730,FUN_0800e730,2,0800e730_FUN_0800e730.c,ok
0x0800E732,FUN_0800e732,2,0800e732_FUN_0800e732.c,ok
0x0800E734,FUN_0800e734,8,0800e734_FUN_0800e734.c,ok
0x0800E73C,FUN_0800e73c,4,0800e73c_FUN_0800e73c.c,ok
0x0800E740,FUN_0800e740,22,0800e740_FUN_0800e740.c,ok
0x0800E75C,FUN_0800e75c,4,0800e75c_FUN_0800e75c.c,ok
0x0800E760,FUN_0800e760,8,0800e760_FUN_0800e760.c,ok
0x0800E768,FUN_0800e768,2,0800e768_FUN_0800e768.c,ok
0x0800E76A,FUN_0800e76a,12,0800e76a_FUN_0800e76a.c,ok
0x0800E776,FUN_0800e776,18,0800e776_FUN_0800e776.c,ok
0x0800E788,FUN_0800e788,28,0800e788_FUN_0800e788.c,ok
0x0800E7A4,FUN_0800e7a4,20,0800e7a4_FUN_0800e7a4.c,ok
0x0800E7B8,FUN_0800e7b8,240,0800e7b8_FUN_0800e7b8.c,ok
0x0800E8B0,FUN_0800e8b0,432,0800e8b0_FUN_0800e8b0.c,ok
0x0800EA64,keymap_key_to_keycode,58,0800ea64_keymap_key_to_keycode.c,ok
0x0800EA9E,FUN_0800ea9e,22,0800ea9e_FUN_0800ea9e.c,ok
0x0800EAB4,FUN_0800eab4,250,0800eab4_FUN_0800eab4.c,ok
0x0800EBBC,FUN_0800ebbc,190,0800ebbc_FUN_0800ebbc.c,ok
0x0800EC80,FUN_0800ec80,4,0800ec80_FUN_0800ec80.c,ok
0x0800EC84,FUN_0800ec84,4,0800ec84_FUN_0800ec84.c,ok
0x0800EC88,FUN_0800ec88,6,0800ec88_FUN_0800ec88.c,ok
0x0800EC94,thunk_FUN_0800e5cc,4,0800ec94_thunk_FUN_0800e5cc.c,ok
0x0800EC98,FUN_0800ec98,42,0800ec98_FUN_0800ec98.c,ok
0x0800ECC2,FUN_0800ecc2,8,0800ecc2_FUN_0800ecc2.c,ok
0x0800ECCC,FUN_0800eccc,52,0800eccc_FUN_0800eccc.c,ok
0x0800ED0C,FUN_0800ed0c,2,0800ed0c_FUN_0800ed0c.c,ok
0x0800ED0E,FUN_0800ed0e,8,0800ed0e_FUN_0800ed0e.c,ok
0x0800ED16,FUN_0800ed16,2,0800ed16_FUN_0800ed16.c,ok
0x0800ED18,FUN_0800ed18,8,0800ed18_FUN_0800ed18.c,ok
0x0800ED20,FUN_0800ed20,8,0800ed20_FUN_0800ed20.c,ok
0x0800ED2C,FUN_0800ed2c,2,0800ed2c_FUN_0800ed2c.c,ok
0x0800ED2E,FUN_0800ed2e,8,0800ed2e_FUN_0800ed2e.c,ok
0x0800ED36,FUN_0800ed36,26,0800ed36_FUN_0800ed36.c,ok
0x0800ED50,FUN_0800ed50,8,0800ed50_FUN_0800ed50.c,ok
0x0800ED58,FUN_0800ed58,34,0800ed58_FUN_0800ed58.c,ok
0x0800ED7C,FUN_0800ed7c,52,0800ed7c_FUN_0800ed7c.c,ok
0x0800EDB8,FUN_0800edb8,152,0800edb8_FUN_0800edb8.c,ok
0x0800EE58,FUN_0800ee58,42,0800ee58_FUN_0800ee58.c,ok
0x0800EE8C,FUN_0800ee8c,98,0800ee8c_FUN_0800ee8c.c,ok
0x0800EEF8,FUN_0800eef8,30,0800eef8_FUN_0800eef8.c,ok
0x0800EF1C,FUN_0800ef1c,16,0800ef1c_FUN_0800ef1c.c,ok
0x0800EF30,FUN_0800ef30,284,0800ef30_FUN_0800ef30.c,ok
0x0800F060,FUN_0800f060,26,0800f060_FUN_0800f060.c,ok
0x0800F072,FUN_0800f072,18,0800f072_FUN_0800f072.c,ok
0x0800F084,FUN_0800f084,28,0800f084_FUN_0800f084.c,ok
0x0800F0A0,FUN_0800f0a0,30,0800f0a0_FUN_0800f0a0.c,ok
0x0800F0BE,FUN_0800f0be,30,0800f0be_FUN_0800f0be.c,ok
0x0800F0DC,FUN_0800f0dc,26,0800f0dc_FUN_0800f0dc.c,ok
0x0800F0F6,FUN_0800f0f6,24,0800f0f6_FUN_0800f0f6.c,ok
0x0800F10E,FUN_0800f10e,24,0800f10e_FUN_0800f10e.c,ok
0x0800F126,FUN_0800f126,22,0800f126_FUN_0800f126.c,ok
0x0800F13C,FUN_0800f13c,52,0800f13c_FUN_0800f13c.c,ok
0x0800F170,FUN_0800f170,28,0800f170_FUN_0800f170.c,ok
0x0800F18C,FUN_0800f18c,28,0800f18c_FUN_0800f18c.c,ok
0x0800F1A8,FUN_0800f1a8,28,0800f1a8_FUN_0800f1a8.c,ok
0x0800F1C4,thunk_FUN_0800f460,4,0800f1c4_thunk_FUN_0800f460.c,ok
0x0800F1C8,thunk_FUN_0800f244,4,0800f1c8_thunk_FUN_0800f244.c,ok
0x0800F1CC,FUN_0800f1cc,10,0800f1cc_FUN_0800f1cc.c,ok
0x0800F1D6,FUN_0800f1d6,206,0800f1d6_FUN_0800f1d6.c,ok
0x0800F1E0,FUN_0800f1e0,26,0800f1e0_FUN_0800f1e0.c,ok
0x0800F200,FUN_0800f200,28,0800f200_FUN_0800f200.c,ok
0x0800F220,FUN_0800f220,30,0800f220_FUN_0800f220.c,ok
0x0800F244,FUN_0800f244,50,0800f244_FUN_0800f244.c,ok
0x0800F278,FUN_0800f278,30,0800f278_FUN_0800f278.c,ok
0x0800F29C,FUN_0800f29c,38,0800f29c_FUN_0800f29c.c,ok
0x0800F2C2,FUN_0800f2c2,38,0800f2c2_FUN_0800f2c2.c,ok
0x0800F2E8,FUN_0800f2e8,92,0800f2e8_FUN_0800f2e8.c,ok
0x0800F354,FUN_0800f354,20,0800f354_FUN_0800f354.c,ok
0x0800F36C,FUN_0800f36c,36,0800f36c_FUN_0800f36c.c,ok
0x0800F460,FUN_0800f460,240,0800f460_FUN_0800f460.c,ok
0x0800F55C,FUN_0800f55c,18,0800f55c_FUN_0800f55c.c,ok
0x0800F574,FUN_0800f574,54,0800f574_FUN_0800f574.c,ok
0x0800F5B4,FUN_0800f5b4,38,0800f5b4_FUN_0800f5b4.c,ok
0x0800F5E4,FUN_0800f5e4,12,0800f5e4_FUN_0800f5e4.c,ok
0x0800F5F4,FUN_0800f5f4,110,0800f5f4_FUN_0800f5f4.c,ok
0x0800F67C,FUN_0800f67c,50,0800f67c_FUN_0800f67c.c,ok
0x0800F6C0,FUN_0800f6c0,190,0800f6c0_FUN_0800f6c0.c,ok
0x0800F7AA,FUN_0800f7aa,76,0800f7aa_FUN_0800f7aa.c,ok
0x0800F7F8,FUN_0800f7f8,30,0800f7f8_FUN_0800f7f8.c,ok
0x0800F81C,FUN_0800f81c,62,0800f81c_FUN_0800f81c.c,ok
0x0800F860,FUN_0800f860,38,0800f860_FUN_0800f860.c,ok
0x0800F888,FUN_0800f888,50,0800f888_FUN_0800f888.c,ok
0x0800F8C0,FUN_0800f8c0,50,0800f8c0_FUN_0800f8c0.c,ok
0x0800F8F8,FUN_0800f8f8,80,0800f8f8_FUN_0800f8f8.c,ok
0x0800F94C,FUN_0800f94c,50,0800f94c_FUN_0800f94c.c,ok
0x0800F97E,FUN_0800f97e,72,0800f97e_FUN_0800f97e.c,ok
0x0800F9C8,FUN_0800f9c8,76,0800f9c8_FUN_0800f9c8.c,ok
0x0800FA18,FUN_0800fa18,76,0800fa18_FUN_0800fa18.c,ok
0x0800FA68,FUN_0800fa68,52,0800fa68_FUN_0800fa68.c,ok
0x0800FA9C,FUN_0800fa9c,72,0800fa9c_FUN_0800fa9c.c,ok
0x0800FAE4,FUN_0800fae4,114,0800fae4_FUN_0800fae4.c,ok
0x0800FB5C,FUN_0800fb5c,78,0800fb5c_FUN_0800fb5c.c,ok
0x0800FBAA,FUN_0800fbaa,68,0800fbaa_FUN_0800fbaa.c,ok
0x0800FBF0,FUN_0800fbf0,10,0800fbf0_FUN_0800fbf0.c,ok
0x0800FC00,FUN_0800fc00,24,0800fc00_FUN_0800fc00.c,ok
0x0800FC20,FUN_0800fc20,70,0800fc20_FUN_0800fc20.c,ok
0x0800FC66,FUN_0800fc66,70,0800fc66_FUN_0800fc66.c,ok
0x0800FCAC,FUN_0800fcac,48,0800fcac_FUN_0800fcac.c,ok
0x0800FCDC,FUN_0800fcdc,54,0800fcdc_FUN_0800fcdc.c,ok
0x0800FD14,FUN_0800fd14,20,0800fd14_FUN_0800fd14.c,ok
0x0800FD30,FUN_0800fd30,18,0800fd30_FUN_0800fd30.c,ok
0x0800FD38,FUN_0800fd38,212,0800fd38_FUN_0800fd38.c,ok
0x0800FE14,FUN_0800fe14,34,0800fe14_FUN_0800fe14.c,ok
0x0800FE40,FUN_0800fe40,4,0800fe40_FUN_0800fe40.c,ok
0x0800FE44,FUN_0800fe44,34,0800fe44_FUN_0800fe44.c,ok
0x0800FE6C,thunk_FUN_080114fc,6,0800fe6c_thunk_FUN_080114fc.c,ok
0x0800FE78,FUN_0800fe78,14,0800fe78_FUN_0800fe78.c,ok
0x0800FE8C,FUN_0800fe8c,78,0800fe8c_FUN_0800fe8c.c,ok
0x0800FEE4,thunk_FUN_08011378,6,0800fee4_thunk_FUN_08011378.c,ok
0x0800FEF0,FUN_0800fef0,342,0800fef0_FUN_0800fef0.c,ok
0x08010060,FUN_08010060,250,08010060_FUN_08010060.c,ok
0x0801016C,FUN_0801016c,2,0801016c_FUN_0801016c.c,ok
0x0801016E,FUN_0801016e,12,0801016e_FUN_0801016e.c,ok
0x0801017A,FUN_0801017a,4,0801017a_FUN_0801017a.c,ok
0x0801017E,FUN_0801017e,40,0801017e_FUN_0801017e.c,ok
0x080101A8,FUN_080101a8,206,080101a8_FUN_080101a8.c,ok
0x08010284,FUN_08010284,6,08010284_FUN_08010284.c,ok
0x08010290,FUN_08010290,6,08010290_FUN_08010290.c,ok
0x0801029C,FUN_0801029c,6,0801029c_FUN_0801029c.c,ok
0x080102A8,FUN_080102a8,170,080102a8_FUN_080102a8.c,ok
0x08010360,FUN_08010360,6,08010360_FUN_08010360.c,ok
0x0801036C,FUN_0801036c,6,0801036c_FUN_0801036c.c,ok
0x08010378,FUN_08010378,138,08010378_FUN_08010378.c,ok
0x08010410,FUN_08010410,6,08010410_FUN_08010410.c,ok
0x0801041C,FUN_0801041c,6,0801041c_FUN_0801041c.c,ok
0x08010428,FUN_08010428,6,08010428_FUN_08010428.c,ok
0x08010434,FUN_08010434,6,08010434_FUN_08010434.c,ok
0x08010440,FUN_08010440,180,08010440_FUN_08010440.c,ok
0x08010500,FUN_08010500,6,08010500_FUN_08010500.c,ok
0x0801050C,FUN_0801050c,6,0801050c_FUN_0801050c.c,ok
0x08010518,FUN_08010518,208,08010518_FUN_08010518.c,ok
0x080105F8,FUN_080105f8,6,080105f8_FUN_080105f8.c,ok
0x08010604,FUN_08010604,284,08010604_FUN_08010604.c,ok
0x08010730,FUN_08010730,10,08010730_FUN_08010730.c,ok
0x08010740,FUN_08010740,10,08010740_FUN_08010740.c,ok
0x08010750,FUN_08010750,20,08010750_FUN_08010750.c,ok
0x0801076C,FUN_0801076c,20,0801076c_FUN_0801076c.c,ok
0x08010788,FUN_08010788,106,08010788_FUN_08010788.c,ok
0x080107FC,FUN_080107fc,166,080107fc_FUN_080107fc.c,ok
0x080108B0,FUN_080108b0,104,080108b0_FUN_080108b0.c,ok
0x08010920,FUN_08010920,280,08010920_FUN_08010920.c,ok
0x08010A4C,FUN_08010a4c,456,08010a4c_FUN_08010a4c.c,ok
0x08010C4C,FUN_08010c4c,8,08010c4c_FUN_08010c4c.c,ok
0x08010C54,FUN_08010c54,28,08010c54_FUN_08010c54.c,ok
0x08010C70,FUN_08010c70,78,08010c70_FUN_08010c70.c,ok
0x08010CD4,FUN_08010cd4,24,08010cd4_FUN_08010cd4.c,ok
0x08010CF4,FUN_08010cf4,10,08010cf4_FUN_08010cf4.c,ok
0x08010D04,FUN_08010d04,50,08010d04_FUN_08010d04.c,ok
0x08010D40,FUN_08010d40,6,08010d40_FUN_08010d40.c,ok
0x08010D64,FUN_08010d64,28,08010d64_FUN_08010d64.c,ok
0x08010D8C,FUN_08010d8c,32,08010d8c_FUN_08010d8c.c,ok
0x08010D94,FUN_08010d94,30,08010d94_FUN_08010d94.c,ok
0x08010DCC,FUN_08010dcc,22,08010dcc_FUN_08010dcc.c,ok
0x08010DF0,FUN_08010df0,30,08010df0_FUN_08010df0.c,ok
0x08010E1C,FUN_08010e1c,36,08010e1c_FUN_08010e1c.c,ok
0x08010E44,FUN_08010e44,34,08010e44_FUN_08010e44.c,ok
0x08010E4C,FUN_08010e4c,44,08010e4c_FUN_08010e4c.c,ok
0x08010E7C,FUN_08010e7c,46,08010e7c_FUN_08010e7c.c,ok
0x08010EB4,FUN_08010eb4,6,08010eb4_FUN_08010eb4.c,ok
0x08010EBC,FUN_08010ebc,42,08010ebc_FUN_08010ebc.c,ok
0x08010EF0,FUN_08010ef0,30,08010ef0_FUN_08010ef0.c,ok
0x08010F14,FUN_08010f14,6,08010f14_FUN_08010f14.c,ok
0x08010F1C,FUN_08010f1c,50,08010f1c_FUN_08010f1c.c,ok
0x08010F54,FUN_08010f54,6,08010f54_FUN_08010f54.c,ok
0x08010F74,FUN_08010f74,24,08010f74_FUN_08010f74.c,ok
0x08010F90,FUN_08010f90,22,08010f90_FUN_08010f90.c,ok
0x08010F98,FUN_08010f98,6,08010f98_FUN_08010f98.c,ok
0x08010FA4,FUN_08010fa4,8,08010fa4_FUN_08010fa4.c,ok
0x08010FB0,FUN_08010fb0,18,08010fb0_FUN_08010fb0.c,ok
0x08010FCC,FUN_08010fcc,16,08010fcc_FUN_08010fcc.c,ok
0x08010FE4,FUN_08010fe4,16,08010fe4_FUN_08010fe4.c,ok
0x08010FFC,FUN_08010ffc,6,08010ffc_FUN_08010ffc.c,ok
0x08011008,FUN_08011008,58,08011008_FUN_08011008.c,ok
0x08011058,FUN_08011058,246,08011058_FUN_08011058.c,ok
0x08011180,FUN_08011180,28,08011180_FUN_08011180.c,ok
0x080111A0,FUN_080111a0,86,080111a0_FUN_080111a0.c,ok
0x08011200,FUN_08011200,24,08011200_FUN_08011200.c,ok
0x08011218,FUN_08011218,42,08011218_FUN_08011218.c,ok
0x0801124C,FUN_0801124c,226,0801124c_FUN_0801124c.c,ok
0x08011338,FUN_08011338,50,08011338_FUN_08011338.c,ok
0x08011378,FUN_08011378,30,08011378_FUN_08011378.c,ok
0x08011398,FUN_08011398,166,08011398_FUN_08011398.c,ok
0x0801144C,FUN_0801144c,38,0801144c_FUN_0801144c.c,ok
0x08011480,FUN_08011480,40,08011480_FUN_08011480.c,ok
0x080114B0,FUN_080114b0,70,080114b0_FUN_080114b0.c,ok
0x080114FC,FUN_080114fc,18,080114fc_FUN_080114fc.c,ok
0x08011510,FUN_08011510,8,08011510_FUN_08011510.c,ok
0x0801151C,FUN_0801151c,8,0801151c_FUN_0801151c.c,ok
0x08011528,FUN_08011528,6,08011528_FUN_08011528.c,ok
0x08011530,process_rgb_matrix,128,08011530_process_rgb_matrix.c,ok
0x080115F0,FUN_080115f0,112,080115f0_FUN_080115f0.c,ok
0x08011660,FUN_08011660,8,08011660_FUN_08011660.c,ok
0x08011668,FUN_08011668,92,08011668_FUN_08011668.c,ok
0x080116D0,FUN_080116d0,342,080116d0_FUN_080116d0.c,ok
0x08011890,FUN_08011890,4,08011890_FUN_08011890.c,ok
0x08011894,FUN_08011894,8,08011894_FUN_08011894.c,ok
0x0801189C,FUN_0801189c,48,0801189c_FUN_0801189c.c,ok
0x080118D8,FUN_080118d8,24,080118d8_FUN_080118d8.c,ok
0x080118F4,process_leader,74,080118f4_process_leader.c,ok
0x08011940,FUN_08011940,44,08011940_FUN_08011940.c,ok
0x0801197C,FUN_0801197c,14,0801197c_FUN_0801197c.c,ok
0x08011990,FUN_08011990,6,08011990_FUN_08011990.c,ok
0x0801199C,FUN_0801199c,26,0801199c_FUN_0801199c.c,ok
0x080119C0,FUN_080119c0,24,080119c0_FUN_080119c0.c,ok
0x080119DC,FUN_080119dc,24,080119dc_FUN_080119dc.c,ok
0x080119F8,FUN_080119f8,12,080119f8_FUN_080119f8.c,ok
0x08011A08,FUN_08011a08,46,08011a08_FUN_08011a08.c,ok
0x08011A3C,FUN_08011a3c,20,08011a3c_FUN_08011a3c.c,ok
0x08011A50,FUN_08011a50,18,08011a50_FUN_08011a50.c,ok
0x08011A62,FUN_08011a62,42,08011a62_FUN_08011a62.c,ok
0x08011A8C,FUN_08011a8c,120,08011a8c_FUN_08011a8c.c,ok
0x08011B14,FUN_08011b14,94,08011b14_FUN_08011b14.c,ok
0x08011B84,FUN_08011b84,164,08011b84_FUN_08011b84.c,ok
0x08011C48,FUN_08011c48,206,08011c48_FUN_08011c48.c,ok
0x08011D68,FUN_08011d68,58,08011d68_FUN_08011d68.c,ok
0x08011DA0,FUN_08011da0,28,08011da0_FUN_08011da0.c,ok
0x08011DCC,FUN_08011dcc,34,08011dcc_FUN_08011dcc.c,ok
0x08011DF0,FUN_08011df0,374,08011df0_FUN_08011df0.c,ok
0x08011F8C,FUN_08011f8c,6,08011f8c_FUN_08011f8c.c,ok
0x08011F92,FUN_08011f92,36,08011f92_FUN_08011f92.c,ok
0x08011FB8,FUN_08011fb8,66,08011fb8_FUN_08011fb8.c,ok
0x08012000,preprocess_tap_dance,54,08012000_preprocess_tap_dance.c,ok
0x08012040,process_tap_dance,132,08012040_process_tap_dance.c,ok
0x080120D0,FUN_080120d0,66,080120d0_FUN_080120d0.c,ok
0x08012120,FUN_08012120,6,08012120_FUN_08012120.c,ok
0x0801212C,FUN_0801212c,6,0801212c_FUN_0801212c.c,ok
0x08012138,FUN_08012138,12,08012138_FUN_08012138.c,ok
0x08012148,FUN_08012148,8,08012148_FUN_08012148.c,ok
0x08012150,FUN_08012150,12,08012150_FUN_08012150.c,ok
0x08012160,FUN_08012160,16,08012160_FUN_08012160.c,ok
0x08012188,FUN_08012188,36,08012188_FUN_08012188.c,ok
0x080121B8,FUN_080121b8,36,080121b8_FUN_080121b8.c,ok
0x080121E8,FUN_080121e8,64,080121e8_FUN_080121e8.c,ok
0x08012238,FUN_08012238,82,08012238_FUN_08012238.c,ok
0x0801229C,FUN_0801229c,44,0801229c_FUN_0801229c.c,ok
0x080122C8,FUN_080122c8,24,080122c8_FUN_080122c8.c,ok
0x0801231C,FUN_0801231c,60,0801231c_FUN_0801231c.c,ok
0x08012350,FUN_08012350,66,08012350_FUN_08012350.c,ok
0x08012384,FUN_08012384,38,08012384_FUN_08012384.c,ok
0x080123BC,FUN_080123bc,72,080123bc_FUN_080123bc.c,ok
0x08012404,FUN_08012404,2,08012404_FUN_08012404.c,ok
0x08012406,FUN_08012406,8,08012406_FUN_08012406.c,ok
0x08012410,FUN_08012410,16,08012410_FUN_08012410.c,ok
0x08012424,FUN_08012424,14,08012424_FUN_08012424.c,ok
0x08012438,thunk_FUN_08012410,4,08012438_thunk_FUN_08012410.c,ok
0x0801243C,FUN_0801243c,14,0801243c_FUN_0801243c.c,ok
0x08012450,thunk_FUN_0801243c,4,08012450_thunk_FUN_0801243c.c,ok
0x08012454,FUN_08012454,2,08012454_FUN_08012454.c,ok
0x08012456,FUN_08012456,2,08012456_FUN_08012456.c,ok
0x08012458,FUN_08012458,2,08012458_FUN_08012458.c,ok
0x0801245A,FUN_0801245a,8,0801245a_FUN_0801245a.c,ok
0x08012462,FUN_08012462,2,08012462_FUN_08012462.c,ok
0x08012464,FUN_08012464,8,08012464_FUN_08012464.c,ok
0x0801246C,FUN_0801246c,36,0801246c_FUN_0801246c.c,ok
0x08012490,FUN_08012490,14,08012490_FUN_08012490.c,ok
0x0801249E,FUN_0801249e,18,0801249e_FUN_0801249e.c,ok
0x080124B0,FUN_080124b0,38,080124b0_FUN_080124b0.c,ok
0x080124D8,FUN_080124d8,32,080124d8_FUN_080124d8.c,ok
0x08012504,thunk_FUN_080124d8,4,08012504_thunk_FUN_080124d8.c,ok
0x08012508,FUN_08012508,82,08012508_FUN_08012508.c,ok
0x08012574,FUN_08012574,10,08012574_FUN_08012574.c,ok
0x0801257E,FUN_0801257e,14,0801257e_FUN_0801257e.c,ok
0x0801258C,FUN_0801258c,12,0801258c_FUN_0801258c.c,ok
0x08012598,FUN_08012598,26,08012598_FUN_08012598.c,ok
0x080125BC,FUN_080125bc,8,080125bc_FUN_080125bc.c,ok
0x080125CC,FUN_080125cc,14,080125cc_FUN_080125cc.c,ok
0x080125E4,FUN_080125e4,8,080125e4_FUN_080125e4.c,ok
0x080125F0,FUN_080125f0,10,080125f0_FUN_080125f0.c,ok
0x080125FA,FUN_080125fa,6,080125fa_FUN_080125fa.c,ok
0x08012600,FUN_08012600,108,08012600_FUN_08012600.c,ok
0x08012674,FUN_08012674,98,08012674_FUN_08012674.c,ok
0x080126E8,FUN_080126e8,208,080126e8_FUN_080126e8.c,ok
0x080127C4,FUN_080127c4,14,080127c4_FUN_080127c4.c,ok
0x080127D8,FUN_080127d8,26,080127d8_FUN_080127d8.c,ok
0x080127FC,FUN_080127fc,2,080127fc_FUN_080127fc.c,ok
0x08012800,FUN_08012800,256,08012800_FUN_08012800.c,ok
0x08012914,FUN_08012914,64,08012914_FUN_08012914.c,ok
0x08012958,FUN_08012958,42,08012958_FUN_08012958.c,ok
0x0801298C,FUN_0801298c,28,0801298c_FUN_0801298c.c,ok
0x080129B4,FUN_080129b4,160,080129b4_FUN_080129b4.c,ok
0x08012A74,FUN_08012a74,24,08012a74_FUN_08012a74.c,ok
0x08012A98,FUN_08012a98,138,08012a98_FUN_08012a98.c,ok
0x08012B50,FUN_08012b50,90,08012b50_FUN_08012b50.c,ok
0x08012BB8,FUN_08012bb8,6,08012bb8_FUN_08012bb8.c,ok
0x08012BC4,FUN_08012bc4,26,08012bc4_FUN_08012bc4.c,ok
0x08012BE4,FUN_08012be4,10,08012be4_FUN_08012be4.c,ok
0x08012BEE,FUN_08012bee,10,08012bee_FUN_08012bee.c,ok
0x08012BF8,FUN_08012bf8,10,08012bf8_FUN_08012bf8.c,ok
0x08012C02,FUN_08012c02,10,08012c02_FUN_08012c02.c,ok
0x08012C0C,raw_hid_send,16,08012c0c_raw_hid_send.c,ok
0x08012C1C,FUN_08012c1c,34,08012c1c_FUN_08012c1c.c,ok
0x08012C44,thunk_FUN_08012600,4,08012c44_thunk_FUN_08012600.c,ok
0x08012C48,FUN_08012c48,2,08012c48_FUN_08012c48.c,ok
0x08012C4A,FUN_08012c4a,2,08012c4a_FUN_08012c4a.c,ok
0x08012C4C,FUN_08012c4c,16,08012c4c_FUN_08012c4c.c,ok
0x08012C5C,FUN_08012c5c,12,08012c5c_FUN_08012c5c.c,ok
0x08012C68,thunk_FUN_0801243c,4,08012c68_thunk_FUN_0801243c.c,ok
0x08012C6C,FUN_08012c6c,30,08012c6c_FUN_08012c6c.c,ok
0x08012CA4,thunk_FUN_08012a98,4,08012ca4_thunk_FUN_08012a98.c,ok
0x08012CA8,FUN_08012ca8,14,08012ca8_FUN_08012ca8.c,ok
0x08012CB8,FUN_08012cb8,90,08012cb8_FUN_08012cb8.c,ok
0x08012D30,FUN_08012d30,58,08012d30_FUN_08012d30.c,ok
0x08012D6A,FUN_08012d6a,54,08012d6a_FUN_08012d6a.c,ok
0x08012DA0,FUN_08012da0,6,08012da0_FUN_08012da0.c,ok
0x08012DA8,FUN_08012da8,52,08012da8_FUN_08012da8.c,ok
0x08012DE0,FUN_08012de0,36,08012de0_FUN_08012de0.c,ok
0x08012E08,FUN_08012e08,32,08012e08_FUN_08012e08.c,ok
0x08012E28,FUN_08012e28,30,08012e28_FUN_08012e28.c,ok
0x08012E46,FUN_08012e46,40,08012e46_FUN_08012e46.c,ok
0x08012E6E,FUN_08012e6e,26,08012e6e_FUN_08012e6e.c,ok
0x08012E88,FUN_08012e88,6,08012e88_FUN_08012e88.c,ok
0x08012E8E,FUN_08012e8e,6,08012e8e_FUN_08012e8e.c,ok
0x08012E94,FUN_08012e94,32,08012e94_FUN_08012e94.c,ok
0x08012EB4,FUN_08012eb4,22,08012eb4_FUN_08012eb4.c,ok
0x08012ECA,FUN_08012eca,150,08012eca_FUN_08012eca.c,ok
0x08012F60,FUN_08012f60,66,08012f60_FUN_08012f60.c,ok
0x08012FA2,FUN_08012fa2,158,08012fa2_FUN_08012fa2.c,ok
0x08013040,FUN_08013040,56,08013040_FUN_08013040.c,ok
0x08013078,FUN_08013078,76,08013078_FUN_08013078.c,ok
0x080130C4,FUN_080130c4,38,080130c4_FUN_080130c4.c,ok
0x080130EA,FUN_080130ea,22,080130ea_FUN_080130ea.c,ok
0x08013100,FUN_08013100,28,08013100_FUN_08013100.c,ok
0x0801311C,FUN_0801311c,60,0801311c_FUN_0801311c.c,ok
0x08013158,FUN_08013158,28,08013158_FUN_08013158.c,ok
0x08013174,FUN_08013174,38,08013174_FUN_08013174.c,ok
0x0801319C,FUN_0801319c,74,0801319c_FUN_0801319c.c,ok
0x080131F4,FUN_080131f4,24,080131f4_FUN_080131f4.c,ok
0x08013210,FUN_08013210,12,08013210_FUN_08013210.c,ok
0x0801321C,FUN_0801321c,72,0801321c_FUN_0801321c.c,ok
0x0801326C,FUN_0801326c,32,0801326c_FUN_0801326c.c,ok
0x08013290,FUN_08013290,22,08013290_FUN_08013290.c,ok
0x080132A8,FUN_080132a8,84,080132a8_FUN_080132a8.c,ok
0x08013304,FUN_08013304,232,08013304_FUN_08013304.c,ok
0x080133F8,FUN_080133f8,68,080133f8_FUN_080133f8.c,ok
0x08013448,FUN_08013448,68,08013448_FUN_08013448.c,ok
0x08013494,FUN_08013494,12,08013494_FUN_08013494.c,ok
0x080134AC,FUN_080134ac,38,080134ac_FUN_080134ac.c,ok
0x080134D8,FUN_080134d8,20,080134d8_FUN_080134d8.c,ok
0x080134EC,FUN_080134ec,2,080134ec_FUN_080134ec.c,ok
0x080134EE,FUN_080134ee,2,080134ee_FUN_080134ee.c,ok
0x080134F4,FUN_080134f4,82,080134f4_FUN_080134f4.c,ok
0x0801354C,FUN_0801354c,34,0801354c_FUN_0801354c.c,ok
0x0801357C,FUN_0801357c,14,0801357c_FUN_0801357c.c,ok
0x08013594,thunk_FUN_08013774,4,08013594_thunk_FUN_08013774.c,ok
0x08013598,FUN_08013598,18,08013598_FUN_08013598.c,ok
0x080135AA,FUN_080135aa,30,080135aa_FUN_080135aa.c,ok
0x080135C8,FUN_080135c8,14,080135c8_FUN_080135c8.c,ok
0x080135DC,FUN_080135dc,10,080135dc_FUN_080135dc.c,ok
0x080135EC,FUN_080135ec,42,080135ec_FUN_080135ec.c,ok
0x08013616,FUN_08013616,54,08013616_FUN_08013616.c,ok
0x0801364C,FUN_0801364c,82,0801364c_FUN_0801364c.c,ok
0x080136A4,FUN_080136a4,72,080136a4_FUN_080136a4.c,ok
0x080136F4,FUN_080136f4,18,080136f4_FUN_080136f4.c,ok
0x08013708,FUN_08013708,102,08013708_FUN_08013708.c,ok
0x08013774,FUN_08013774,188,08013774_FUN_08013774.c,ok
0x08013838,FUN_08013838,28,08013838_FUN_08013838.c,ok
0x08013854,FUN_08013854,28,08013854_FUN_08013854.c,ok
0x08013870,FUN_08013870,62,08013870_FUN_08013870.c,ok
0x080138B4,thunk_FUN_08013838,4,080138b4_thunk_FUN_08013838.c,ok
0x080138B8,FUN_080138b8,24,080138b8_FUN_080138b8.c,ok
0x080138D4,FUN_080138d4,52,080138d4_FUN_080138d4.c,ok
0x08013910,FUN_08013910,20,08013910_FUN_08013910.c,ok
0x08013928,FUN_08013928,36,08013928_FUN_08013928.c,ok
0x08013950,FUN_08013950,20,08013950_FUN_08013950.c,ok
0x08013968,FUN_08013968,4,08013968_FUN_08013968.c,ok
0x0801396C,FUN_0801396c,110,0801396c_FUN_0801396c.c,ok
0x080139EC,FUN_080139ec,20,080139ec_FUN_080139ec.c,ok
0x08013A00,FUN_08013a00,70,08013a00_FUN_08013a00.c,ok
0x08013A50,FUN_08013a50,14,08013a50_FUN_08013a50.c,ok
0x08013A60,FUN_08013a60,12,08013a60_FUN_08013a60.c,ok
0x08013A70,thunk_FUN_08013a60,10,08013a70_thunk_FUN_08013a60.c,ok
0x08013A7A,FUN_08013a7a,24,08013a7a_FUN_08013a7a.c,ok
0x08013AB0,FUN_08013ab0,18,08013ab0_FUN_08013ab0.c,ok
0x08013AC4,FUN_08013ac4,28,08013ac4_FUN_08013ac4.c,ok
0x08013AE4,FUN_08013ae4,22,08013ae4_FUN_08013ae4.c,ok
0x08013AFA,FUN_08013afa,28,08013afa_FUN_08013afa.c,ok
0x08013B16,FUN_08013b16,30,08013b16_FUN_08013b16.c,ok
0x08013B34,FUN_08013b34,10,08013b34_FUN_08013b34.c,ok
0x08013B40,FUN_08013b40,94,08013b40_FUN_08013b40.c,ok
0x08013BA4,FUN_08013ba4,20,08013ba4_FUN_08013ba4.c,ok
0x08013BB8,FUN_08013bb8,86,08013bb8_FUN_08013bb8.c,ok
0x08013C14,SVCall_Handler,28,08013c14_SVCall_Handler.c,ok
0x08013C34,FUN_08013c34,58,08013c34_FUN_08013c34.c,ok
0x08013C7C,FUN_08013c7c,66,08013c7c_FUN_08013c7c.c,ok
0x08013CD0,FUN_08013cd0,106,08013cd0_FUN_08013cd0.c,ok
0x08013CFA,FUN_08013cfa,8,08013cfa_FUN_08013cfa.c,ok
0x08013D02,FUN_08013d02,16,08013d02_FUN_08013d02.c,ok
0x08013D12,FUN_08013d12,10,08013d12_FUN_08013d12.c,ok
0x08013D1C,FUN_08013d1c,8,08013d1c_FUN_08013d1c.c,ok
0x08013D24,FUN_08013d24,46,08013d24_FUN_08013d24.c,ok
0x08013D52,FUN_08013d52,22,08013d52_FUN_08013d52.c,ok
0x08013D68,FUN_08013d68,20,08013d68_FUN_08013d68.c,ok
0x08013D7C,FUN_08013d7c,32,08013d7c_FUN_08013d7c.c,ok
0x08013D9C,FUN_08013d9c,50,08013d9c_FUN_08013d9c.c,ok
0x08013DCE,FUN_08013dce,36,08013dce_FUN_08013dce.c,ok
0x08013DF2,FUN_08013df2,130,08013df2_FUN_08013df2.c,ok
0x08013E74,FUN_08013e74,46,08013e74_FUN_08013e74.c,ok
0x08013EA2,FUN_08013ea2,24,08013ea2_FUN_08013ea2.c,ok
0x08013EBA,FUN_08013eba,28,08013eba_FUN_08013eba.c,ok
0x08013ED6,FUN_08013ed6,30,08013ed6_FUN_08013ed6.c,ok
0x08013EF4,FUN_08013ef4,50,08013ef4_FUN_08013ef4.c,ok
0x08013F26,FUN_08013f26,38,08013f26_FUN_08013f26.c,ok
0x08013F4C,FUN_08013f4c,134,08013f4c_FUN_08013f4c.c,ok
0x08013FD2,FUN_08013fd2,32,08013fd2_FUN_08013fd2.c,ok
0x08013FF4,FUN_08013ff4,56,08013ff4_FUN_08013ff4.c,ok
0x08014030,FUN_08014030,26,08014030_FUN_08014030.c,ok
0x0801404A,FUN_0801404a,26,0801404a_FUN_0801404a.c,ok
0x08014064,FUN_08014064,16,08014064_FUN_08014064.c,ok
0x08014074,FUN_08014074,12,08014074_FUN_08014074.c,ok
0x08014080,FUN_08014080,12,08014080_FUN_08014080.c,ok
0x0801408C,thunk_FUN_08014c78,4,0801408c_thunk_FUN_08014c78.c,ok
0x08014090,FUN_08014090,14,08014090_FUN_08014090.c,ok
0x080140A4,FUN_080140a4,28,080140a4_FUN_080140a4.c,ok
0x080140C0,FUN_080140c0,26,080140c0_FUN_080140c0.c,ok
0x080140DC,FUN_080140dc,18,080140dc_FUN_080140dc.c,ok
0x080140F4,thunk_FUN_08015fe0,4,080140f4_thunk_FUN_08015fe0.c,ok
0x080140F8,FUN_080140f8,6,080140f8_FUN_080140f8.c,ok
0x08014104,thunk_FUN_08016058,4,08014104_thunk_FUN_08016058.c,ok
0x08014108,thunk_FUN_08016130,4,08014108_thunk_FUN_08016130.c,ok
0x0801410C,thunk_FUN_080163c8,4,0801410c_thunk_FUN_080163c8.c,ok
0x08014110,FUN_08014110,16,08014110_FUN_08014110.c,ok
0x08014120,FUN_08014120,34,08014120_FUN_08014120.c,ok
0x08014142,FUN_08014142,28,08014142_FUN_08014142.c,ok
0x0801415E,FUN_0801415e,28,0801415e_FUN_0801415e.c,ok
0x0801417A,FUN_0801417a,28,0801417a_FUN_0801417a.c,ok
0x08014196,FUN_08014196,14,08014196_FUN_08014196.c,ok
0x080141A4,FUN_080141a4,62,080141a4_FUN_080141a4.c,ok
0x080141AC,FUN_080141ac,38,080141ac_FUN_080141ac.c,ok
0x080141BC,FUN_080141bc,34,080141bc_FUN_080141bc.c,ok
0x080141DE,FUN_080141de,34,080141de_FUN_080141de.c,ok
0x08014200,thunk_FUN_08015538,4,08014200_thunk_FUN_08015538.c,ok
0x08014204,FUN_08014204,24,08014204_FUN_08014204.c,ok
0x0801421C,FUN_0801421c,38,0801421c_FUN_0801421c.c,ok
0x08014242,FUN_08014242,82,08014242_FUN_08014242.c,ok
0x08014294,FUN_08014294,50,08014294_FUN_08014294.c,ok
0x080142C6,FUN_080142c6,84,080142c6_FUN_080142c6.c,ok
0x08014310,FUN_08014310,36,08014310_FUN_08014310.c,ok
0x08014334,FUN_08014334,36,08014334_FUN_08014334.c,ok
0x08014358,FUN_08014358,62,08014358_FUN_08014358.c,ok
0x08014396,FUN_08014396,112,08014396_FUN_08014396.c,ok
0x08014406,FUN_08014406,92,08014406_FUN_08014406.c,ok
0x08014462,FUN_08014462,22,08014462_FUN_08014462.c,ok
0x08014478,FUN_08014478,700,08014478_FUN_08014478.c,ok
0x08014740,FUN_08014740,162,08014740_FUN_08014740.c,ok
0x080147F2,FUN_080147f2,120,080147f2_FUN_080147f2.c,ok
0x0801486A,FUN_0801486a,44,0801486a_FUN_0801486a.c,ok
0x08014896,FUN_08014896,44,08014896_FUN_08014896.c,ok
0x080148C4,Vector58_IRQ6_EXTI0,32,080148c4_Vector58_IRQ6_EXTI0.c,ok
0x080148EC,Vector5C_IRQ7_EXTI1,32,080148ec_Vector5C_IRQ7_EXTI1.c,ok
0x08014914,Vector60_IRQ8_EXTI2,32,08014914_Vector60_IRQ8_EXTI2.c,ok
0x0801493C,Vector64_IRQ9_EXTI3,32,0801493c_Vector64_IRQ9_EXTI3.c,ok
0x08014964,Vector68_IRQ10_EXTI4,32,08014964_Vector68_IRQ10_EXTI4.c,ok
0x0801498C,Vector9C_IRQ23_EXTI9_5,90,0801498c_Vector9C_IRQ23_EXTI9_5.c,ok
0x080149F0,VectorE0_IRQ40_EXTI15_10,104,080149f0_VectorE0_IRQ40_EXTI15_10.c,ok
0x08014A60,VectorB0_IRQ28_TIM2,14,08014a60_VectorB0_IRQ28_TIM2.c,ok
0x08014AB4,FUN_08014ab4,228,08014ab4_FUN_08014ab4.c,ok
0x08014B5C,FUN_08014b5c,212,08014b5c_FUN_08014b5c.c,ok
0x08014C54,FUN_08014c54,36,08014c54_FUN_08014c54.c,ok
0x08014C78,FUN_08014c78,62,08014c78_FUN_08014c78.c,ok
0x08014CD4,FUN_08014cd4,26,08014cd4_FUN_08014cd4.c,ok
0x08014CFC,FUN_08014cfc,12,08014cfc_FUN_08014cfc.c,ok
0x08014D08,FUN_08014d08,4,08014d08_FUN_08014d08.c,ok
0x08014D0C,FUN_08014d0c,46,08014d0c_FUN_08014d0c.c,ok
0x08014D3A,FUN_08014d3a,176,08014d3a_FUN_08014d3a.c,ok
0x08014DEA,FUN_08014dea,12,08014dea_FUN_08014dea.c,ok
0x08014DF6,FUN_08014df6,70,08014df6_FUN_08014df6.c,ok
0x08014E3C,FUN_08014e3c,50,08014e3c_FUN_08014e3c.c,ok
0x08014E6E,FUN_08014e6e,70,08014e6e_FUN_08014e6e.c,ok
0x08014EB4,Vector6C_IRQ11_DMA1_Stream0,30,08014eb4_Vector6C_IRQ11_DMA1_Stream0.c,ok
0x08014EDC,Vector70_IRQ12_DMA1_Stream1,34,08014edc_Vector70_IRQ12_DMA1_Stream1.c,ok
0x08014F08,Vector74_IRQ13_DMA1_Stream2,34,08014f08_Vector74_IRQ13_DMA1_Stream2.c,ok
0x08014F34,Vector78_IRQ14_DMA1_Stream3,34,08014f34_Vector78_IRQ14_DMA1_Stream3.c,ok
0x08014F60,Vector7C_IRQ15_DMA1_Stream4,30,08014f60_Vector7C_IRQ15_DMA1_Stream4.c,ok
0x08014F88,Vector80_IRQ16_DMA1_Stream5,34,08014f88_Vector80_IRQ16_DMA1_Stream5.c,ok
0x08014FB4,Vector84_IRQ17_DMA1_Stream6,34,08014fb4_Vector84_IRQ17_DMA1_Stream6.c,ok
0x08014FE0,VectorFC_IRQ47_DMA1_Stream7,34,08014fe0_VectorFC_IRQ47_DMA1_Stream7.c,ok
0x0801500C,Vector120_IRQ56_DMA2_Stream0,30,0801500c_Vector120_IRQ56_DMA2_Stream0.c,ok
0x08015034,Vector124_IRQ57_DMA2_Stream1,34,08015034_Vector124_IRQ57_DMA2_Stream1.c,ok
0x08015060,Vector128_IRQ58_DMA2_Stream2,34,08015060_Vector128_IRQ58_DMA2_Stream2.c,ok
0x0801508C,Vector12C_IRQ59_DMA2_Stream3,34,0801508c_Vector12C_IRQ59_DMA2_Stream3.c,ok
0x080150B8,Vector130_IRQ60_DMA2_Stream4,30,080150b8_Vector130_IRQ60_DMA2_Stream4.c,ok
0x080150E0,Vector150_IRQ68_DMA2_Stream5,34,080150e0_Vector150_IRQ68_DMA2_Stream5.c,ok
0x0801510C,Vector154_IRQ69_DMA2_Stream6,34,0801510c_Vector154_IRQ69_DMA2_Stream6.c,ok
0x08015138,Vector158_IRQ70_DMA2_Stream7,36,08015138_Vector158_IRQ70_DMA2_Stream7.c,ok
0x08015164,FUN_08015164,54,08015164_FUN_08015164.c,ok
0x080151A8,FUN_080151a8,164,080151a8_FUN_080151a8.c,ok
0x08015258,FUN_08015258,78,08015258_FUN_08015258.c,ok
0x080152B0,FUN_080152b0,104,080152b0_FUN_080152b0.c,ok
0x0801531C,FUN_0801531c,22,0801531c_FUN_0801531c.c,ok
0x08015338,FUN_08015338,214,08015338_FUN_08015338.c,ok
0x08015410,FUN_08015410,94,08015410_FUN_08015410.c,ok
0x08015474,FUN_08015474,76,08015474_FUN_08015474.c,ok
0x080154CC,FUN_080154cc,86,080154cc_FUN_080154cc.c,ok
0x08015522,FUN_08015522,20,08015522_FUN_08015522.c,ok
0x08015538,FUN_08015538,22,08015538_FUN_08015538.c,ok
0x08015558,FUN_08015558,178,08015558_FUN_08015558.c,ok
0x08015624,FUN_08015624,60,08015624_FUN_08015624.c,ok
0x08015668,FUN_08015668,168,08015668_FUN_08015668.c,ok
0x08015718,FUN_08015718,24,08015718_FUN_08015718.c,ok
0x08015730,FUN_08015730,268,08015730_FUN_08015730.c,ok
0x0801584E,FUN_0801584e,26,0801584e_FUN_0801584e.c,ok
0x08015868,FUN_08015868,26,08015868_FUN_08015868.c,ok
0x08015882,FUN_08015882,18,08015882_FUN_08015882.c,ok
0x08015894,FUN_08015894,122,08015894_FUN_08015894.c,ok
0x08015910,FUN_08015910,170,08015910_FUN_08015910.c,ok
0x080159C0,FUN_080159c0,138,080159c0_FUN_080159c0.c,ok
0x08015A4C,FUN_08015a4c,268,08015a4c_FUN_08015a4c.c,ok
0x08015B5C,Vector14C_IRQ67_OTG_FS,706,08015b5c_Vector14C_IRQ67_OTG_FS.c,ok
0x08015E24,FUN_08015e24,20,08015e24_FUN_08015e24.c,ok
0x08015E38,FUN_08015e38,20,08015e38_FUN_08015e38.c,ok
0x08015E4C,FUN_08015e4c,20,08015e4c_FUN_08015e4c.c,ok
0x08015E60,FUN_08015e60,20,08015e60_FUN_08015e60.c,ok
0x08015E74,FUN_08015e74,20,08015e74_FUN_08015e74.c,ok
0x08015E8C,FUN_08015e8c,4,08015e8c_FUN_08015e8c.c,ok
0x08015E90,FUN_08015e90,42,08015e90_FUN_08015e90.c,ok
0x08015EBA,FUN_08015eba,58,08015eba_FUN_08015eba.c,ok
0x08015EF4,Vector48_IRQ2_TAMP_STAMP,94,08015ef4_Vector48_IRQ2_TAMP_STAMP.c,ok
0x08015F5C,Vector4C_IRQ3_RTC_WKUP,48,08015f5c_Vector4C_IRQ3_RTC_WKUP.c,ok
0x08015F94,VectorE4_IRQ41_RTC_Alarm,66,08015f94_VectorE4_IRQ41_RTC_Alarm.c,ok
0x08015FE0,FUN_08015fe0,106,08015fe0_FUN_08015fe0.c,ok
0x08016058,FUN_08016058,212,08016058_FUN_08016058.c,ok
0x08016130,FUN_08016130,240,08016130_FUN_08016130.c,ok
0x0801622C,FUN_0801622c,46,0801622c_FUN_0801622c.c,ok
0x0801625C,FUN_0801625c,160,0801625c_FUN_0801625c.c,ok
0x08016304,FUN_08016304,56,08016304_FUN_08016304.c,ok
0x08016340,FUN_08016340,132,08016340_FUN_08016340.c,ok
0x080163C8,FUN_080163c8,30,080163c8_FUN_080163c8.c,ok
0x080163F4,FUN_080163f4,186,080163f4_FUN_080163f4.c,ok
0x080164C0,FUN_080164c0,66,080164c0_FUN_080164c0.c,ok
0x0801650C,FUN_0801650c,54,0801650c_FUN_0801650c.c,ok
0x080165C0,FUN_080165c0,40,080165c0_FUN_080165c0.c,ok
0x080165E8,FUN_080165e8,30,080165e8_FUN_080165e8.c,ok
0x08016608,FUN_08016608,118,08016608_FUN_08016608.c,ok
0x0801668C,FUN_0801668c,2,0801668c_FUN_0801668c.c,ok
0x0801668E,FUN_0801668e,10,0801668e_FUN_0801668e.c,ok
0x08016698,FUN_08016698,4,08016698_FUN_08016698.c,ok
0x080166A4,FUN_080166a4,26,080166a4_FUN_080166a4.c,ok
0x080166BE,FUN_080166be,24,080166be_FUN_080166be.c,ok
0x080166D6,FUN_080166d6,4,080166d6_FUN_080166d6.c,ok
0x080166DC,FUN_080166dc,16,080166dc_FUN_080166dc.c,ok
0x080166EC,FUN_080166ec,16,080166ec_FUN_080166ec.c,ok
0x080166FC,FUN_080166fc,4,080166fc_FUN_080166fc.c,ok
0x08016700,FUN_08016700,2,08016700_FUN_08016700.c,ok
