entry,size,name,n_callers,n_callees,is_thunk,signature,strings
0x08008000,226,FUN_08008000,0,5,0,"undefined FUN_08008000(void)",
0x0800811C,2,thunk_FUN_08008000,0,0,1,"undefined thunk_FUN_08008000(void)",
0x0800811E,4,_unhandled_exception,0,1,0,"undefined _unhandled_exception(void)",
0x08008122,2,FUN_08008122,1,0,0,"undefined FUN_08008122(void)",
0x08008124,24,FUN_08008124,2,0,0,"undefined FUN_08008124(undefined4 param_1, int param_2)",
0x0800813C,18,FUN_0800813c,0,1,0,"undefined FUN_0800813c(void)",
0x0800814E,8,FUN_0800814e,0,1,0,"undefined FUN_0800814e(void)",
0x08008158,34,FUN_08008158,5,0,0,"undefined8 FUN_08008158(uint param_1, uint param_2, uint param_3, uint param_4)",
0x08008178,16,FUN_08008178,1,1,0,"undefined8 FUN_08008178(uint param_1, uint param_2, uint param_3, uint param_4, uint * param_5)",
0x08008188,666,FUN_08008188,1,2,0,"undefined8 FUN_08008188(uint param_1, uint param_2, uint param_3, uint param_4, uint * param_5)",
0x08008210,20,FUN_08008210,1,0,0,"uint FUN_08008210(int param_1, int param_2, uint param_3, uint param_4)",
0x08008220,10,FUN_08008220,1,0,0,"undefined FUN_08008220(undefined4 param_1, undefined4 param_2, uint param_3)",
0x0800822A,4,FUN_0800822a,1,0,0,"undefined FUN_0800822a(void)",
0x08008448,84,FUN_08008448,0,3,0,"undefined8 FUN_08008448(undefined4 param_1, undefined4 param_2, undefined4 param_3, uint * param_4)","0801765C:REENT malloc succeeded | 08017674:../../../../../../newlib/libc/stdlib/rand.c"
0x080084AC,136,FUN_080084ac,1,3,0,"ulonglong FUN_080084ac(void)","0801765C:REENT malloc succeeded | 08017674:../../../../../../newlib/libc/stdlib/rand.c"
0x08008544,46,FUN_08008544,3,2,0,"undefined FUN_08008544(undefined4 param_1, undefined4 param_2, undefined4 param_3, int param_4)","080176A0:, function:  | 080176B0:assertion ""%s"" failed: file ""%s"", line %d%s%s\n"
0x08008584,56,FUN_08008584,0,2,0,"undefined1 * FUN_08008584(undefined4 param_1, undefined4 param_2, int param_3)",
0x080085BC,44,itoa,2,1,0,"undefined1 * itoa(uint param_1, undefined1 * param_2, uint param_3)",
0x080085E8,16,FUN_080085e8,3,2,0,"undefined1 * FUN_080085e8(void)",
0x080085F8,152,FUN_080085f8,2,0,0,"undefined1 * FUN_080085f8(uint param_1, undefined1 * param_2, uint param_3)",080176E0:0123456789abcdefghijklmnopqrstuvwxyz
0x08008694,4,thunk_FUN_080085f8,0,0,1,"undefined1 * thunk_FUN_080085f8(uint param_1, undefined1 * param_2, uint param_3)",
0x080086C0,216,FUN_080086c0,2,0,0,"int FUN_080086c0(uint param_1)",
0x08008798,162,FUN_08008798,46,0,0,"undefined FUN_08008798(byte * param_1, byte param_2, uint param_3)",
0x0800883C,306,memcpy,40,0,0,"undefined4 * memcpy(undefined4 * param_1, undefined4 * param_2, uint param_3)",
0x08008970,10,FUN_08008970,3,1,0,"undefined FUN_08008970(uint param_1)",
0x08008980,10,FUN_08008980,1,1,0,"undefined FUN_08008980(int param_1)",
0x08008990,28,FUN_08008990,0,1,0,"undefined FUN_08008990(uint * param_1, uint * param_2, byte * param_3, int param_4)",
0x080089AC,34,FUN_080089ac,1,1,0,"undefined FUN_080089ac(uint * param_1, byte * param_2, int param_3, undefined4 param_4)",
0x080089D4,92,FUN_080089d4,6,0,0,"int FUN_080089d4(int * param_1, int * param_2, uint param_3)",
0x08008A30,58,FUN_08008a30,2,1,0,"uint FUN_08008a30(uint * param_1, uint param_2, uint * param_3)",
0x08008A6C,46,FUN_08008a6c,0,1,0,"undefined4 FUN_08008a6c(uint * param_1, uint * param_2, int param_3, int param_4)",
0x08008A9C,30,FUN_08008a9c,0,1,0,"undefined4 FUN_08008a9c(uint * param_1, uint * param_2, undefined4 * param_3)",
0x08008ABC,598,FUN_08008abc,3,5,0,"int FUN_08008abc(uint * param_1, uint * param_2, byte * param_3, int * param_4)","08017708:#-0+  | 08017714:efgEFG"
0x08008D28,22,FUN_08008d28,0,1,0,"undefined FUN_08008d28(uint * param_1, byte * param_2, int * param_3)",
0x08008D44,134,FUN_08008d44,2,3,0,"uint FUN_08008d44(uint * param_1, byte param_2, uint * param_3)",
0x08008DCC,20,FUN_08008dcc,0,1,0,"undefined FUN_08008dcc(byte param_1, uint * param_2)",
0x08008DE4,762,FUN_08008de4,1,8,0,"undefined4 FUN_08008de4(uint * param_1, uint * param_2, undefined4 * param_3)",
0x080090E4,44,FUN_080090e4,0,1,0,"undefined4 FUN_080090e4(undefined4 * param_1)",
0x08009110,74,FUN_08009110,0,1,0,"undefined4 FUN_08009110(undefined4 * param_1, uint param_2, undefined4 param_3)",
0x0800915E,78,FUN_0800915e,0,2,0,"undefined4 FUN_0800915e(int * param_1, int param_2)",
0x080091AC,96,FUN_080091ac,0,1,0,"undefined4 FUN_080091ac(undefined4 * param_1, uint param_2)",
0x0800920C,80,FUN_0800920c,1,2,0,"undefined4 FUN_0800920c(uint param_1)",
0x08009260,70,FUN_08009260,0,1,0,"undefined4 FUN_08009260(uint param_1, undefined4 param_2)",
0x080092AC,48,FUN_080092ac,0,1,0,"undefined4 FUN_080092ac(void)",
0x080092E0,94,FUN_080092e0,0,1,0,"undefined4 FUN_080092e0(uint param_1)",
0x08009344,4,FUN_08009344,0,0,0,"undefined4 FUN_08009344(void)",
0x08009348,10,FUN_08009348,0,1,0,"undefined FUN_08009348(void)",
0x08009360,50,FUN_08009360,0,1,0,"undefined FUN_08009360(uint * param_1)",
0x080093A0,4,FUN_080093a0,0,0,0,"undefined4 FUN_080093a0(void)",
0x080093A4,174,FUN_080093a4,2,1,0,"undefined FUN_080093a4(void)",
0x08009474,150,FUN_08009474,0,3,0,"undefined4 * FUN_08009474(undefined4 * param_1)",
0x08009518,22,FUN_08009518,5,1,0,"undefined FUN_08009518(int param_1)",
0x08009538,2,FUN_08009538,0,0,0,"undefined FUN_08009538(void)",
0x0800953C,2,FUN_0800953c,0,0,0,"undefined FUN_0800953c(void)",
0x08009540,10,FUN_08009540,0,1,0,"undefined FUN_08009540(void)",
0x08009554,10,FUN_08009554,0,1,0,"undefined FUN_08009554(void)",
0x08009568,286,FUN_08009568,2,1,0,"undefined4 FUN_08009568(uint * param_1, int * param_2)",
0x0800968C,54,FUN_0800968c,3,2,0,"undefined4 FUN_0800968c(uint * param_1, int * param_2)",
0x080096C4,60,FUN_080096c4,0,3,0,"uint FUN_080096c4(int * param_1)",
0x08009710,68,FUN_08009710,1,1,0,"uint FUN_08009710(undefined4 * param_1, int param_2)",
0x08009758,252,FUN_08009758,11,4,0,"uint FUN_08009758(undefined4 * param_1, uint param_2)",
0x08009858,182,FUN_08009858,5,2,0,"undefined FUN_08009858(undefined4 * param_1, int param_2)",
0x08009914,254,FUN_08009914,1,0,0,"undefined FUN_08009914(undefined4 * param_1, undefined4 * param_2, uint param_3)",
0x08009A14,68,FUN_08009a14,4,0,0,"uint FUN_08009a14(undefined4 param_1, undefined * param_2, int * param_3)",
0x08009A60,158,FUN_08009a60,3,0,0,"byte * FUN_08009a60(uint * param_1, uint param_2, uint param_3)",
0x08009B00,190,FUN_08009b00,3,3,0,"undefined4 FUN_08009b00(undefined4 * param_1, uint * param_2)",
0x08009BC4,100,FUN_08009bc4,1,4,0,"undefined4 * FUN_08009bc4(undefined4 * param_1, undefined4 * param_2, uint param_3)",
0x08009C28,290,FUN_08009c28,1,0,0,"undefined4 FUN_08009c28(undefined4 param_1, uint * param_2, uint * param_3, undefined4 param_4, undefined * param_5)",
0x08009D4C,570,FUN_08009d4c,1,2,0,"uint FUN_08009d4c(undefined4 param_1, uint * param_2, undefined4 param_3, undefined * param_4, int * param_5)","08017730:0123456789abcdef | 0801771C:0123456789ABCDEF"
0x08009FD0,2,FUN_08009fd0,2,0,0,"undefined FUN_08009fd0(void)",
0x08009FD4,2,FUN_08009fd4,2,0,0,"undefined FUN_08009fd4(void)",
0x08009FD8,196,FUN_08009fd8,1,3,0,"undefined FUN_08009fd8(undefined4 * param_1, uint * param_2)",
0x0800A09C,78,FUN_0800a09c,0,1,0,"undefined4 FUN_0800a09c(undefined4 param_1, int param_2, undefined4 * param_3, uint * param_4)",
0x0800A0EC,34,FUN_0800a0ec,0,1,0,"undefined FUN_0800a0ec(undefined4 * param_1, int param_2)",
0x0800A110,4,FUN_0800a110,0,0,0,"undefined4 FUN_0800a110(void)",
0x0800A114,66,FUN_0800a114,0,1,0,"undefined8 FUN_0800a114(undefined4 param_1, int param_2, undefined4 param_3, undefined4 param_4)",
0x0800A154,34,FUN_0800a154,0,1,0,"undefined FUN_0800a154(undefined4 param_1, int param_2)",
0x0800A178,12,FUN_0800a178,0,0,0,"longlong FUN_0800a178(undefined4 param_1, int param_2)",
0x0800A180,16,FUN_0800a180,1,0,0,"int FUN_0800a180(undefined4 param_1, int param_2)",
0x0800A190,38,FUN_0800a190,2,1,0,"undefined FUN_0800a190(int * param_1)",
0x0800A1BC,4,thunk_FUN_080166fc,2,0,1,"undefined4 thunk_FUN_080166fc(void)",
0x0800A1C0,16,FUN_0800a1c0,0,0,0,"undefined1 FUN_0800a1c0(void)",
0x0800A1D8,24,FUN_0800a1d8,1,1,0,"undefined FUN_0800a1d8(void)",
0x0800A1FC,56,FUN_0800a1fc,1,1,0,"undefined4 FUN_0800a1fc(undefined2 param_1, undefined4 param_2, undefined4 param_3)",
0x0800A240,40,FUN_0800a240,1,6,0,"undefined FUN_0800a240(void)",
0x0800A268,36,FUN_0800a268,1,1,0,"undefined FUN_0800a268(undefined4 param_1, undefined4 param_2)",
0x0800A298,54,FUN_0800a298,6,4,0,"undefined FUN_0800a298(void)",
0x0800A2DC,82,FUN_0800a2dc,0,4,0,"uint FUN_0800a2dc(undefined4 * param_1)",
0x0800A33C,88,FUN_0800a33c,0,4,0,"undefined FUN_0800a33c(undefined4 * param_1)",
0x0800A3A0,44,FUN_0800a3a0,0,2,0,"undefined FUN_0800a3a0(undefined4 param_1)",
0x0800A3D4,54,FUN_0800a3d4,3,1,0,"undefined FUN_0800a3d4(uint param_1, undefined4 param_2)",
0x0800A41C,10,FUN_0800a41c,4,0,0,"undefined FUN_0800a41c(void)",
0x0800A42C,2,FUN_0800a42c,1,0,0,"undefined FUN_0800a42c(void)",
0x0800A42E,2,FUN_0800a42e,1,0,0,"undefined FUN_0800a42e(void)",
0x0800A430,2,FUN_0800a430,1,0,0,"undefined FUN_0800a430(void)",
0x0800A432,2,FUN_0800a432,1,0,0,"undefined FUN_0800a432(void)",
0x0800A434,2,FUN_0800a434,1,0,0,"undefined FUN_0800a434(void)",
0x0800A436,2,FUN_0800a436,1,0,0,"undefined FUN_0800a436(void)",
0x0800A458,80,FUN_0800a458,1,5,0,"uint FUN_0800a458(uint param_1)",
0x0800A4B0,78,FUN_0800a4b0,0,3,0,"uint FUN_0800a4b0(char * param_1)",
0x0800A4E8,126,FUN_0800a4e8,1,7,0,"undefined FUN_0800a4e8(void)",
0x0800A570,396,FUN_0800a570,1,20,0,"undefined FUN_0800a570(void)",
0x0800A754,36,FUN_0800a754,1,6,0,"undefined FUN_0800a754(void)",
0x0800A77C,6,FUN_0800a77c,5,0,0,"undefined1 FUN_0800a77c(void)",
0x0800A788,62,process_record_wireless,1,6,0,"undefined4 process_record_wireless(uint param_1, int param_2)",
0x0800A7CC,38,FUN_0800a7cc,4,2,0,"undefined FUN_0800a7cc(void)",
0x0800A808,42,FUN_0800a808,3,1,0,"bool FUN_0800a808(undefined4 * param_1)",
0x0800A840,40,FUN_0800a840,1,1,0,"bool FUN_0800a840(undefined4 * param_1)",
0x0800A874,16,FUN_0800a874,2,0,0,"bool FUN_0800a874(void)",
0x0800A88C,12,FUN_0800a88c,1,1,0,"undefined FUN_0800a88c(void)",
0x0800A89C,24,FUN_0800a89c,2,1,0,"bool FUN_0800a89c(void)",
0x0800A8BC,6,FUN_0800a8bc,2,0,0,"undefined FUN_0800a8bc(undefined1 param_1)",
0x0800A8C8,6,FUN_0800a8c8,1,0,0,"undefined FUN_0800a8c8(undefined1 param_1)",
0x0800A8D4,162,FUN_0800a8d4,1,7,0,"undefined FUN_0800a8d4(void)",
0x0800A98C,130,FUN_0800a98c,1,3,0,"undefined FUN_0800a98c(int param_1)",
0x0800AA20,58,FUN_0800aa20,4,3,0,"undefined FUN_0800aa20(void)",
0x0800AA64,200,FUN_0800aa64,17,6,0,"undefined FUN_0800aa64(byte * param_1, uint param_2, char param_3, int param_4)",
0x0800AB3C,48,FUN_0800ab3c,0,3,0,"undefined FUN_0800ab3c(undefined4 * param_1)",
0x0800AB70,48,FUN_0800ab70,0,3,0,"undefined FUN_0800ab70(undefined4 * param_1)",
0x0800ABA4,50,FUN_0800aba4,0,2,0,"undefined FUN_0800aba4(undefined4 param_1)",
0x0800ABDC,60,FUN_0800abdc,0,2,0,"undefined FUN_0800abdc(char param_1)",
0x0800AC1C,70,FUN_0800ac1c,0,2,0,"undefined FUN_0800ac1c(int param_1)",
0x0800AC68,118,FUN_0800ac68,0,5,0,"undefined FUN_0800ac68(undefined1 param_1, undefined4 * * * param_2, undefined4 param_3, undefined4 param_4)",
0x0800ACEC,60,FUN_0800acec,0,3,0,"undefined FUN_0800acec(undefined1 param_1, undefined4 param_2)",
0x0800AD2C,60,FUN_0800ad2c,0,4,0,"undefined FUN_0800ad2c(void)",
0x0800AD70,44,FUN_0800ad70,0,2,0,"undefined FUN_0800ad70(undefined1 param_1)",
0x0800ADA0,78,FUN_0800ada0,1,6,0,"undefined FUN_0800ada0(uint param_1, char param_2)",
0x0800ADF8,36,FUN_0800adf8,1,2,0,"undefined FUN_0800adf8(void)",
0x0800AE58,44,FUN_0800ae58,1,2,0,"undefined FUN_0800ae58(undefined1 param_1)",
0x0800AE88,48,FUN_0800ae88,1,3,0,"undefined FUN_0800ae88(undefined4 * param_1)",
0x0800AEBC,56,FUN_0800aebc,1,4,0,"undefined FUN_0800aebc(undefined4 * param_1)",
0x0800AEF8,48,FUN_0800aef8,1,3,0,"undefined FUN_0800aef8(byte param_1)",
0x0800AF8C,124,FUN_0800af8c,1,3,0,"undefined FUN_0800af8c(undefined1 param_1, undefined4 * param_2, uint param_3, undefined1 param_4)",
0x0800B008,616,FUN_0800b008,0,9,0,"undefined FUN_0800b008(void)",
0x0800B290,148,lkbt51_dfu_rx,1,2,0,"undefined lkbt51_dfu_rx(char * param_1)",
0x0800B328,34,FUN_0800b328,2,2,0,"undefined FUN_0800b328(void)",
0x0800B354,18,FUN_0800b354,4,2,0,"undefined FUN_0800b354(void)",
0x0800B366,4,thunk_FUN_08010cd4,1,0,1,"undefined thunk_FUN_08010cd4(void)",
0x0800B36A,14,FUN_0800b36a,2,1,0,"bool FUN_0800b36a(void)",
0x0800B378,30,FUN_0800b378,4,2,0,"uint FUN_0800b378(void)",
0x0800B39C,28,FUN_0800b39c,2,0,0,"bool FUN_0800b39c(void)",
0x0800B3C4,34,FUN_0800b3c4,2,4,0,"undefined FUN_0800b3c4(void)",
0x0800B3EC,38,FUN_0800b3ec,5,1,0,"undefined FUN_0800b3ec(int param_1)",
0x0800B420,102,FUN_0800b420,5,6,0,"undefined FUN_0800b420(uint param_1, uint param_2, undefined4 param_3)",
0x0800B494,44,FUN_0800b494,3,3,0,"undefined FUN_0800b494(void)",
0x0800B4C4,250,FUN_0800b4c4,2,9,0,"undefined4 FUN_0800b4c4(void)",
0x0800B5D0,200,FUN_0800b5d0,2,5,0,"undefined FUN_0800b5d0(char * param_1)",
0x0800B6AC,292,FUN_0800b6ac,2,8,0,"undefined FUN_0800b6ac(uint param_1, uint param_2)",
0x0800B800,24,FUN_0800b800,1,2,0,"undefined FUN_0800b800(void)",
0x0800B81C,16,FUN_0800b81c,3,1,0,"uint FUN_0800b81c(void)",
0x0800B82C,154,FUN_0800b82c,1,5,0,"undefined FUN_0800b82c(void)",
0x0800B8DC,48,FUN_0800b8dc,1,5,0,"undefined FUN_0800b8dc(void)",
0x0800B91C,78,FUN_0800b91c,2,10,0,"int FUN_0800b91c(void)",
0x0800B970,2,FUN_0800b970,1,0,0,"undefined FUN_0800b970(void)",
0x0800B972,30,FUN_0800b972,1,5,0,"undefined4 FUN_0800b972(void)",
0x0800B990,90,FUN_0800b990,1,7,0,"undefined FUN_0800b990(int param_1, undefined4 param_2, undefined4 param_3)",
0x0800B9F8,90,FUN_0800b9f8,1,7,0,"undefined FUN_0800b9f8(int param_1, undefined4 param_2, undefined4 param_3)",
0x0800BA60,52,FUN_0800ba60,1,2,0,"undefined FUN_0800ba60(int param_1, undefined4 param_2, undefined4 param_3)",
0x0800BA9C,258,FUN_0800ba9c,1,15,0,"undefined FUN_0800ba9c(uint param_1)",
0x0800BBB4,6,FUN_0800bbb4,13,0,0,"undefined1 FUN_0800bbb4(void)",
0x0800BBC0,108,FUN_0800bbc0,1,9,0,"undefined FUN_0800bbc0(void)",
0x0800BC30,58,FUN_0800bc30,1,1,0,"undefined FUN_0800bc30(void)",
0x0800BC70,18,FUN_0800bc70,9,1,0,"undefined FUN_0800bc70(void)",
0x0800BC8C,20,FUN_0800bc8c,1,2,0,"undefined FUN_0800bc8c(void)",
0x0800BCA4,12,FUN_0800bca4,1,0,0,"undefined FUN_0800bca4(void)",
0x0800BCB8,12,FUN_0800bcb8,4,0,0,"uint FUN_0800bcb8(void)",
0x0800BCC8,242,FUN_0800bcc8,1,7,0,"int FUN_0800bcc8(uint param_1)",
0x0800BDCC,418,FUN_0800bdcc,1,24,0,"undefined FUN_0800bdcc(void)",
0x0800BF94,84,FUN_0800bf94,2,0,0,"undefined4 FUN_0800bf94(int param_1)",
0x0800BFF4,82,FUN_0800bff4,1,2,0,"undefined FUN_0800bff4(void)",
0x0800C058,12,FUN_0800c058,2,1,0,"undefined FUN_0800c058(void)",
0x0800C068,2,FUN_0800c068,1,0,0,"undefined FUN_0800c068(void)",
0x0800C06A,58,FUN_0800c06a,1,2,0,"undefined FUN_0800c06a(void)",
0x0800C074,104,FUN_0800c074,1,1,0,"undefined FUN_0800c074(int param_1, int param_2)",
0x0800C0EC,84,FUN_0800c0ec,2,0,0,"char FUN_0800c0ec(void)",
0x0800C144,14,FUN_0800c144,3,0,0,"bool FUN_0800c144(void)",
0x0800C158,14,FUN_0800c158,9,0,0,"bool FUN_0800c158(void)",
0x0800C16C,52,FUN_0800c16c,1,2,0,"undefined FUN_0800c16c(void)",
0x0800C1AC,44,FUN_0800c1ac,1,1,0,"undefined FUN_0800c1ac(void)",
0x0800C1E0,178,FUN_0800c1e0,1,13,0,"undefined FUN_0800c1e0(undefined4 param_1, uint param_2, undefined4 param_3)",
0x0800C2AC,54,FUN_0800c2ac,1,2,0,"undefined FUN_0800c2ac(undefined1 param_1)",
0x0800C304,12,FUN_0800c304,1,0,0,"bool FUN_0800c304(void)",
0x0800C314,100,FUN_0800c314,1,2,0,"undefined FUN_0800c314(undefined4 param_1, undefined4 param_2, undefined4 param_3, undefined4 param_4)",
0x0800C390,134,FUN_0800c390,1,5,0,"undefined FUN_0800c390(void)",
0x0800C43C,34,FUN_0800c43c,1,2,0,"undefined FUN_0800c43c(void)",
0x0800C46C,22,FUN_0800c46c,2,1,0,"undefined FUN_0800c46c(undefined4 param_1, undefined4 param_2, undefined4 param_3)",
0x0800C48C,22,FUN_0800c48c,3,1,0,"uint FUN_0800c48c(uint param_1, uint param_2, undefined4 param_3)",
0x0800C4A8,12,FUN_0800c4a8,1,1,0,"int FUN_0800c4a8(uint param_1, uint param_2, undefined4 param_3)",
0x0800C4B4,144,FUN_0800c4b4,1,6,0,"undefined4 FUN_0800c4b4(uint param_1, int param_2)",
0x0800C54C,54,FUN_0800c54c,1,3,0,"undefined FUN_0800c54c(undefined4 param_1, undefined4 param_2, undefined4 param_3, undefined4 param_4)","0801679B:Keychron V10 Max"
0x0800C594,4,thunk_FUN_0800c54c,1,0,1,"undefined thunk_FUN_0800c54c(undefined4 param_1, undefined4 param_2, undefined4 param_3, undefined4 param_4)",
0x0800C598,40,FUN_0800c598,1,4,0,"undefined FUN_0800c598(void)",
0x0800C5C4,34,FUN_0800c5c4,1,2,0,"undefined FUN_0800c5c4(void)",
0x0800C5EC,164,FUN_0800c5ec,1,4,0,"undefined FUN_0800c5ec(void)",
0x0800C69C,4,FUN_0800c69c,1,0,0,"undefined4 FUN_0800c69c(void)",
0x0800C6A0,38,FUN_0800c6a0,1,3,0,"undefined4 FUN_0800c6a0(uint param_1, int param_2)",
0x0800C6C6,14,FUN_0800c6c6,1,2,0,"undefined4 FUN_0800c6c6(void)",
0x0800C6D4,20,FUN_0800c6d4,0,4,0,"undefined FUN_0800c6d4(void)",
0x0800C6E8,26,process_record_kb,1,2,0,"undefined4 process_record_kb(uint param_1, int param_2)",
0x0800C702,18,FUN_0800c702,1,2,0,"int FUN_0800c702(void)",
0x0800C714,4,thunk_FUN_0800c6d4,1,0,1,"undefined thunk_FUN_0800c6d4(void)",
0x0800C718,60,FUN_0800c718,0,0,0,"undefined FUN_0800c718(void)",
0x0800C720,158,process_record_keychron_common,1,3,0,"undefined4 process_record_keychron_common(int param_1, int param_2)",
0x0800C7DC,42,FUN_0800c7dc,1,2,0,"undefined FUN_0800c7dc(void)",
0x0800C810,84,FUN_0800c810,2,2,0,"undefined FUN_0800c810(void)",
0x0800C874,104,kc_raw_hid_rx,1,6,0,"undefined4 kc_raw_hid_rx(byte * param_1, int param_2)",080167AC:2024-07-09-13:57:36
0x0800C908,14,FUN_0800c908,1,1,0,"byte * FUN_0800c908(byte * param_1, int param_2)",
0x0800C918,12,FUN_0800c918,1,1,0,"undefined FUN_0800c918(void)",
0x0800C928,226,process_record_factory_test,1,1,0,"byte process_record_factory_test(uint param_1, int param_2)",
0x0800CA18,80,FUN_0800ca18,1,1,0,"undefined4 FUN_0800ca18(void)",
0x0800CA74,12,FUN_0800ca74,2,0,0,"bool FUN_0800ca74(void)",
0x0800CA84,162,FUN_0800ca84,1,10,0,"undefined4 FUN_0800ca84(void)",
0x0800CB44,74,FUN_0800cb44,3,3,0,"undefined FUN_0800cb44(undefined4 * param_1, uint param_2)",
0x0800CB90,392,factory_test_rx,1,6,0,"undefined factory_test_rx(byte * param_1)",080167AC:2024-07-09-13:57:36
0x0800CCF0,36,FUN_0800ccf0,1,1,0,"undefined4 FUN_0800ccf0(undefined4 param_1, undefined4 param_2, undefined4 param_3)",
0x0800CD18,32,FUN_0800cd18,1,2,0,"undefined4 FUN_0800cd18(int param_1, undefined4 param_2, undefined4 param_3)",
0x0800CD38,66,FUN_0800cd38,1,6,0,"undefined FUN_0800cd38(void)",
0x0800CD88,38,FUN_0800cd88,1,1,0,"undefined4 FUN_0800cd88(void)",
0x0800CDB8,28,FUN_0800cdb8,1,1,0,"bool FUN_0800cdb8(void)",
0x0800CDD8,2,FUN_0800cdd8,0,0,0,"undefined FUN_0800cdd8(void)",
0x0800CDDA,26,FUN_0800cdda,1,3,0,"undefined FUN_0800cdda(void)",
0x0800CDF4,10,FUN_0800cdf4,1,1,0,"undefined FUN_0800cdf4(void)",
0x0800CDFE,354,FUN_0800cdfe,1,5,0,"undefined FUN_0800cdfe(void)",
0x0800CF60,18,FUN_0800cf60,1,2,0,"undefined FUN_0800cf60(void)",
0x0800CF74,130,FUN_0800cf74,1,2,0,"undefined4 FUN_0800cf74(uint param_1, uint param_2)",
0x0800D010,110,FUN_0800d010,0,1,0,"undefined FUN_0800d010(uint param_1)",
0x0800D088,4,thunk_FUN_0800d010,1,0,1,"undefined thunk_FUN_0800d010(uint param_1)",
0x0800D08C,4,thunk_FUN_0800d010,1,0,1,"undefined thunk_FUN_0800d010(uint param_1)",
0x0800D090,32,FUN_0800d090,1,0,0,"ushort * FUN_0800d090(uint param_1)",
0x0800D0B4,66,FUN_0800d0b4,1,6,0,"undefined4 FUN_0800d0b4(uint param_1)",
0x0800D104,180,process_record_user,1,6,0,"int process_record_user(uint param_1, int param_2)",
0x0800D1C4,38,FUN_0800d1c4,1,0,0,"undefined4 FUN_0800d1c4(int param_1)",
0x0800D1EC,104,FUN_0800d1ec,0,5,0,"undefined FUN_0800d1ec(int param_1)",
0x0800D25C,26,FUN_0800d25c,1,2,0,"undefined FUN_0800d25c(int param_1)",
0x0800D27C,36,keycode_at_keymap_location_raw,0,0,0,"ushort keycode_at_keymap_location_raw(uint param_1, uint param_2, uint param_3)",
0x0800D2A4,4,keycode_at_keymap_location,1,0,1,"ushort keycode_at_keymap_location(uint param_1, uint param_2, uint param_3)",
0x0800D2A8,26,keycode_at_encodermap_location_raw,0,0,0,"undefined2 keycode_at_encodermap_location_raw(uint param_1, int param_2, uint param_3)",
0x0800D2C8,4,keycode_at_encodermap_location,1,0,1,"undefined2 keycode_at_encodermap_location(uint param_1, int param_2, uint param_3)",
0x0800D2CC,4,FUN_0800d2cc,1,0,0,"undefined4 FUN_0800d2cc(void)",
0x0800D2D0,8,FUN_0800d2d0,1,1,0,"undefined FUN_0800d2d0(void)",
0x0800D2D8,4,process_action_kb,1,0,0,"undefined4 process_action_kb(void)",
0x0800D2DC,2,FUN_0800d2dc,1,0,0,"undefined FUN_0800d2dc(void)",
0x0800D2DE,8,FUN_0800d2de,1,1,0,"undefined FUN_0800d2de(void)",
0x0800D2E8,70,get_event_keycode,1,4,0,"ushort get_event_keycode(uint param_1, undefined4 param_2, int param_3)",
0x0800D334,24,get_record_keycode,5,1,0,"ushort get_record_keycode(uint * param_1, int param_2)",
0x0800D34C,18,FUN_0800d34c,1,2,0,"undefined FUN_0800d34c(uint * param_1)",
0x0800D35E,18,FUN_0800d35e,1,2,0,"undefined FUN_0800d35e(uint * param_1)",
0x0800D370,4,FUN_0800d370,1,0,0,"undefined4 FUN_0800d370(void)",
0x0800D374,8,FUN_0800d374,1,1,0,"undefined FUN_0800d374(void)",
0x0800D37C,26,FUN_0800d37c,2,3,0,"undefined FUN_0800d37c(void)",
0x0800D396,16,reset_keyboard,1,2,0,"undefined reset_keyboard(void)",
0x0800D3A6,16,soft_reset_keyboard,1,2,0,"undefined soft_reset_keyboard(void)",
0x0800D3B6,166,process_record_quantum,1,13,0,"undefined4 process_record_quantum(uint * param_1)",
0x0800D45C,24,FUN_0800d45c,1,4,0,"undefined FUN_0800d45c(void)",
0x0800D474,20,FUN_0800d474,1,3,0,"undefined FUN_0800d474(void)",
0x0800D488,40,get_highest_layer,2,0,0,"int get_highest_layer(uint param_1)",
0x0800D4B0,2,FUN_0800d4b0,1,0,0,"undefined FUN_0800d4b0(void)",
0x0800D4B2,4,FUN_0800d4b2,1,0,0,"undefined4 FUN_0800d4b2(void)",
0x0800D4B6,2,FUN_0800d4b6,1,0,0,"undefined FUN_0800d4b6(void)",
0x0800D4B8,2,FUN_0800d4b8,1,0,0,"undefined FUN_0800d4b8(void)",
0x0800D4BA,16,FUN_0800d4ba,4,2,0,"undefined FUN_0800d4ba(void)",
0x0800D4CA,10,FUN_0800d4ca,1,1,0,"undefined FUN_0800d4ca(void)",
0x0800D4D4,12,FUN_0800d4d4,1,2,0,"undefined FUN_0800d4d4(void)",
0x0800D4E0,34,FUN_0800d4e0,1,3,0,"undefined FUN_0800d4e0(void)",
0x0800D50C,64,FUN_0800d50c,3,3,0,"undefined FUN_0800d50c(uint param_1, uint param_2, uint param_3, undefined4 param_4)",
0x0800D54C,14,FUN_0800d54c,1,1,0,"undefined FUN_0800d54c(undefined2 * param_1, undefined4 param_2)",
0x0800D55A,22,FUN_0800d55a,1,3,0,"undefined FUN_0800d55a(int param_1, int param_2)",
0x0800D570,140,register_code,4,9,0,"undefined register_code(uint param_1)",
0x0800D600,114,unregister_code,5,7,0,"undefined unregister_code(uint param_1, undefined4 param_2)",
0x0800D672,18,FUN_0800d672,1,2,0,"undefined FUN_0800d672(int param_1)",
0x0800D684,18,FUN_0800d684,2,2,0,"undefined FUN_0800d684(int param_1)",
0x0800D698,1010,FUN_0800d698,1,40,0,"undefined FUN_0800d698(uint * param_1, uint param_2)",
0x0800DAB4,34,FUN_0800dab4,1,4,0,"undefined FUN_0800dab4(uint * param_1)",
0x0800DAD8,56,FUN_0800dad8,3,5,0,"undefined FUN_0800dad8(uint * param_1)",
0x0800DB14,34,FUN_0800db14,1,6,0,"undefined FUN_0800db14(void)",
0x0800DB36,14,FUN_0800db36,1,2,0,"undefined FUN_0800db36(void)",
0x0800DB44,14,FUN_0800db44,6,2,0,"undefined FUN_0800db44(void)",
0x0800DB94,90,FUN_0800db94,1,1,0,"bool FUN_0800db94(undefined2 * param_1, undefined4 param_2)",
0x0800DBAC,12,FUN_0800dbac,1,0,0,"undefined FUN_0800dbac(void)",
0x0800DBB8,12,FUN_0800dbb8,3,0,0,"undefined FUN_0800dbb8(void)",
0x0800DBC4,2,FUN_0800dbc4,1,0,0,"undefined FUN_0800dbc4(void)",
0x0800DBC6,8,FUN_0800dbc6,1,1,0,"undefined FUN_0800dbc6(void)",
0x0800DBD0,12,FUN_0800dbd0,3,1,0,"undefined FUN_0800dbd0(void)",
0x0800DBE0,2,FUN_0800dbe0,1,0,0,"undefined FUN_0800dbe0(void)",
0x0800DBE2,4,thunk_FUN_0800dbd0,5,0,1,"undefined thunk_FUN_0800dbd0(void)",
0x0800DBE8,10,FUN_0800dbe8,1,1,0,"undefined FUN_0800dbe8(void)",
0x0800DBF8,10,FUN_0800dbf8,1,1,0,"undefined FUN_0800dbf8(void)",
0x0800DC08,10,FUN_0800dc08,1,1,0,"undefined FUN_0800dc08(void)",
0x0800DC18,2,FUN_0800dc18,1,0,0,"undefined FUN_0800dc18(void)",
0x0800DC1A,8,FUN_0800dc1a,2,1,0,"undefined FUN_0800dc1a(void)",
0x0800DC24,12,FUN_0800dc24,9,1,0,"undefined FUN_0800dc24(void)",
0x0800DC34,6,FUN_0800dc34,3,1,0,"undefined FUN_0800dc34(void)",
0x0800DC3C,24,FUN_0800dc3c,2,0,0,"uint FUN_0800dc3c(uint param_1)",
0x0800DC58,12,FUN_0800dc58,3,1,0,"undefined FUN_0800dc58(void)",
0x0800DC64,18,FUN_0800dc64,3,1,0,"undefined FUN_0800dc64(void)",
0x0800DC7C,16,FUN_0800dc7c,2,1,0,"undefined FUN_0800dc7c(void)",
0x0800DC90,18,FUN_0800dc90,1,1,0,"undefined FUN_0800dc90(void)",
0x0800DCA8,10,FUN_0800dca8,1,1,0,"undefined FUN_0800dca8(void)",
0x0800DCB8,10,FUN_0800dcb8,1,1,0,"undefined FUN_0800dcb8(void)",
0x0800DCC8,10,FUN_0800dcc8,1,1,0,"undefined FUN_0800dcc8(void)",
0x0800DCD8,2,FUN_0800dcd8,1,0,0,"undefined FUN_0800dcd8(void)",
0x0800DD0C,38,FUN_0800dd0c,1,0,0,"uint FUN_0800dd0c(uint param_1, int param_2)",
0x0800DD34,110,update_source_layers_cache,2,0,0,"undefined update_source_layers_cache(uint param_1, uint param_2)",
0x0800DD78,52,read_source_layers_cache,2,1,0,"uint read_source_layers_cache(uint param_1)",
0x0800DDB4,58,layer_switch_get_layer,3,1,0,"uint layer_switch_get_layer(undefined2 param_1, undefined4 param_2)",
0x0800DDF8,24,FUN_0800ddf8,4,2,0,"undefined FUN_0800ddf8(undefined2 param_1, undefined4 param_2)",
0x0800DE10,66,FUN_0800de10,1,5,0,"undefined FUN_0800de10(int param_1, uint param_2)",
0x0800DE58,52,FUN_0800de58,2,1,0,"undefined FUN_0800de58(void)",
0x0800DE98,28,FUN_0800de98,1,1,0,"undefined FUN_0800de98(void)",
0x0800DEB8,56,FUN_0800deb8,1,0,0,"undefined4 FUN_0800deb8(uint param_1, uint param_2, uint param_3)",
0x0800DEFC,4,FUN_0800defc,3,0,0,"undefined4 FUN_0800defc(void)",
0x0800DF00,132,FUN_0800df00,1,4,0,"undefined FUN_0800df00(void)",
0x0800DF94,644,FUN_0800df94,1,12,0,"char FUN_0800df94(uint * param_1)",
0x0800E21C,178,FUN_0800e21c,1,6,0,"undefined FUN_0800e21c(uint param_1, undefined4 param_2)",
0x0800E2E0,8,FUN_0800e2e0,1,0,0,"byte FUN_0800e2e0(void)",
0x0800E2EC,10,FUN_0800e2ec,1,0,0,"byte FUN_0800e2ec(void)",
0x0800E2FC,14,FUN_0800e2fc,2,0,0,"byte FUN_0800e2fc(void)",
0x0800E310,6,FUN_0800e310,4,0,0,"undefined1 FUN_0800e310(void)",
0x0800E31C,10,FUN_0800e31c,4,0,0,"undefined FUN_0800e31c(byte param_1)",
0x0800E32C,12,FUN_0800e32c,4,0,0,"undefined FUN_0800e32c(byte param_1)",
0x0800E33C,8,FUN_0800e33c,2,0,0,"undefined FUN_0800e33c(void)",
0x0800E348,6,FUN_0800e348,1,0,0,"undefined1 FUN_0800e348(void)",
0x0800E354,10,FUN_0800e354,2,0,0,"undefined FUN_0800e354(byte param_1)",
0x0800E364,12,FUN_0800e364,2,0,0,"undefined FUN_0800e364(byte param_1)",
0x0800E374,8,FUN_0800e374,4,0,0,"undefined FUN_0800e374(void)",
0x0800E380,6,FUN_0800e380,2,0,0,"undefined1 FUN_0800e380(void)",
0x0800E38C,8,FUN_0800e38c,3,1,0,"undefined FUN_0800e38c(uint param_1)",
0x0800E394,22,FUN_0800e394,1,1,0,"undefined FUN_0800e394(uint param_1)",
0x0800E3B0,18,FUN_0800e3b0,1,1,0,"undefined FUN_0800e3b0(void)",
0x0800E3C8,22,FUN_0800e3c8,1,1,0,"undefined FUN_0800e3c8(uint param_1)",
0x0800E3E4,8,FUN_0800e3e4,3,1,0,"undefined FUN_0800e3e4(uint param_1)",
0x0800E3EC,22,FUN_0800e3ec,1,1,0,"undefined FUN_0800e3ec(uint param_1)",
0x0800E408,22,FUN_0800e408,1,1,0,"undefined FUN_0800e408(uint param_1)",
0x0800E424,18,FUN_0800e424,2,1,0,"undefined FUN_0800e424(void)",
0x0800E43C,34,FUN_0800e43c,2,2,0,"byte FUN_0800e43c(void)",
0x0800E46C,48,FUN_0800e46c,1,4,0,"undefined FUN_0800e46c(void)",
0x0800E4A4,48,FUN_0800e4a4,1,4,0,"undefined FUN_0800e4a4(void)",
0x0800E4DC,24,FUN_0800e4dc,9,2,0,"undefined FUN_0800e4dc(void)",
0x0800E4FC,8,FUN_0800e4fc,2,1,0,"undefined FUN_0800e4fc(int param_1)",
0x0800E504,40,FUN_0800e504,2,2,0,"undefined FUN_0800e504(char param_1, byte param_2)",
0x0800E534,14,FUN_0800e534,2,1,0,"undefined FUN_0800e534(void)",
0x0800E548,44,FUN_0800e548,4,2,0,"undefined FUN_0800e548(byte param_1)",
0x0800E57C,38,FUN_0800e57c,3,2,0,"undefined FUN_0800e57c(uint param_1)",
0x0800E5A8,20,FUN_0800e5a8,1,1,0,"undefined FUN_0800e5a8(void)",
0x0800E5C0,6,FUN_0800e5c0,1,1,0,"undefined FUN_0800e5c0(void)",
0x0800E5C6,6,FUN_0800e5c6,1,1,0,"undefined FUN_0800e5c6(void)",
0x0800E5CC,20,FUN_0800e5cc,1,2,0,"undefined FUN_0800e5cc(void)",
0x0800E5E0,20,FUN_0800e5e0,2,1,0,"bool FUN_0800e5e0(undefined4 param_1, ushort param_2, undefined4 param_3)",
0x0800E5F4,6,FUN_0800e5f4,1,1,0,"undefined1 FUN_0800e5f4(undefined4 param_1, uint3 param_2, undefined4 param_3)",
0x0800E5FA,6,FUN_0800e5fa,1,1,0,"undefined1 FUN_0800e5fa(undefined4 param_1, uint3 param_2, undefined4 param_3)",
0x0800E600,6,FUN_0800e600,3,1,0,"undefined2 FUN_0800e600(undefined4 param_1, ushort param_2, undefined4 param_3)",
0x0800E606,8,FUN_0800e606,1,1,0,"undefined FUN_0800e606(uint param_1, undefined4 param_2, undefined4 param_3, undefined4 param_4)",
0x0800E60E,8,FUN_0800e60e,1,1,0,"undefined FUN_0800e60e(int param_1, undefined4 param_2, undefined4 param_3, undefined4 param_4)",
0x0800E61E,14,FUN_0800e61e,1,1,0,"undefined FUN_0800e61e(undefined4 param_1, undefined4 param_2, undefined4 param_3, undefined4 param_4)",
0x0800E624,14,FUN_0800e624,1,2,0,"undefined FUN_0800e624(undefined4 param_1, undefined4 param_2, undefined4 param_3, undefined4 param_4)",
0x0800E634,138,FUN_0800e634,0,6,0,"undefined FUN_0800e634(int param_1, undefined4 param_2, undefined4 param_3)",
0x0800E6C4,4,thunk_FUN_0800e634,3,0,1,"undefined thunk_FUN_0800e634(int param_1, undefined4 param_2, undefined4 param_3)",
0x0800E6C8,50,FUN_0800e6c8,1,2,0,"undefined FUN_0800e6c8(undefined4 param_1, uint param_2)",
0x0800E700,16,FUN_0800e700,1,1,0,"undefined FUN_0800e700(void)",
0x0800E718,16,FUN_0800e718,1,1,0,"undefined FUN_0800e718(void)",
0x0800E730,2,FUN_0800e730,1,0,0,"undefined FUN_0800e730(void)",
0x0800E732,2,FUN_0800e732,1,0,0,"undefined FUN_0800e732(void)",
0x0800E734,8,FUN_0800e734,1,1,0,"undefined FUN_0800e734(void)",
0x0800E73C,4,FUN_0800e73c,1,0,0,"undefined4 FUN_0800e73c(void)",
0x0800E740,22,FUN_0800e740,1,4,0,"undefined FUN_0800e740(void)",
0x0800E75C,4,FUN_0800e75c,2,0,0,"undefined4 FUN_0800e75c(void)",
0x0800E760,8,FUN_0800e760,1,1,0,"undefined FUN_0800e760(void)",
0x0800E768,2,FUN_0800e768,1,0,0,"undefined FUN_0800e768(void)",
0x0800E76A,12,FUN_0800e76a,1,2,0,"undefined FUN_0800e76a(void)",
0x0800E776,18,FUN_0800e776,1,3,0,"undefined FUN_0800e776(undefined4 param_1, ushort param_2, undefined4 param_3)",
0x0800E788,28,FUN_0800e788,1,6,0,"undefined FUN_0800e788(void)",
0x0800E7A4,20,FUN_0800e7a4,1,3,0,"undefined FUN_0800e7a4(void)",
0x0800E7B8,240,FUN_0800e7b8,1,16,0,"undefined FUN_0800e7b8(void)",
0x0800E8B0,432,FUN_0800e8b0,1,2,0,"uint FUN_0800e8b0(uint param_1)",
0x0800EA64,58,keymap_key_to_keycode,2,2,0,"ushort keymap_key_to_keycode(uint param_1, uint param_2)",
0x0800EA9E,22,FUN_0800ea9e,3,2,0,"uint FUN_0800ea9e(uint param_1, uint param_2)",
0x0800EAB4,250,FUN_0800eab4,1,0,0,"uint FUN_0800eab4(uint param_1)",
0x0800EBBC,190,FUN_0800ebbc,1,0,0,"uint FUN_0800ebbc(uint param_1)",
0x0800EC80,4,FUN_0800ec80,0,0,0,"undefined4 FUN_0800ec80(void)",
0x0800EC84,4,FUN_0800ec84,0,0,0,"undefined4 FUN_0800ec84(void)",
0x0800EC88,6,FUN_0800ec88,1,0,0,"undefined FUN_0800ec88(undefined4 param_1)",
0x0800EC94,4,thunk_FUN_0800e5cc,1,0,1,"undefined thunk_FUN_0800e5cc(void)",
0x0800EC98,42,FUN_0800ec98,1,5,0,"undefined FUN_0800ec98(void)",
0x0800ECC2,8,FUN_0800ecc2,1,1,0,"undefined FUN_0800ecc2(void)",
0x0800ECCC,52,FUN_0800eccc,1,8,0,"undefined FUN_0800eccc(undefined4 param_1, ushort param_2, undefined4 param_3)",
0x0800ED0C,2,FUN_0800ed0c,1,0,0,"undefined FUN_0800ed0c(void)",
0x0800ED0E,8,FUN_0800ed0e,1,1,0,"undefined FUN_0800ed0e(void)",
0x0800ED16,2,FUN_0800ed16,1,0,0,"undefined FUN_0800ed16(void)",
0x0800ED18,8,FUN_0800ed18,1,1,0,"undefined FUN_0800ed18(void)",
0x0800ED20,8,FUN_0800ed20,3,0,0,"undefined4 FUN_0800ed20(int param_1)",
0x0800ED2C,2,FUN_0800ed2c,1,0,0,"undefined FUN_0800ed2c(void)",
0x0800ED2E,8,FUN_0800ed2e,1,1,0,"undefined FUN_0800ed2e(void)",
0x0800ED36,26,FUN_0800ed36,1,0,0,"undefined FUN_0800ed36(void)",
0x0800ED50,8,FUN_0800ed50,1,1,0,"undefined FUN_0800ed50(void)",
0x0800ED58,34,FUN_0800ed58,2,1,0,"undefined FUN_0800ed58(uint param_1)",
0x0800ED7C,52,FUN_0800ed7c,1,1,0,"undefined FUN_0800ed7c(void)",
0x0800EDB8,152,FUN_0800edb8,1,4,0,"undefined FUN_0800edb8(int param_1, int param_2, uint param_3)",
0x0800EE58,42,FUN_0800ee58,2,4,0,"undefined FUN_0800ee58(void)",
0x0800EE8C,98,FUN_0800ee8c,3,5,0,"undefined1 FUN_0800ee8c(void)",
0x0800EEF8,30,FUN_0800eef8,1,2,0,"undefined FUN_0800eef8(int param_1)",
0x0800EF1C,16,FUN_0800ef1c,1,1,0,"undefined FUN_0800ef1c(void)",
0x0800EF30,284,FUN_0800ef30,1,1,0,"undefined1 FUN_0800ef30(int param_1, int param_2, uint param_3, int param_4)",
0x0800F060,26,FUN_0800f060,1,3,0,"undefined FUN_0800f060(void)",
0x0800F072,18,FUN_0800f072,1,3,0,"undefined FUN_0800f072(void)",
0x0800F084,28,FUN_0800f084,1,6,0,"undefined FUN_0800f084(void)",
0x0800F0A0,30,FUN_0800f0a0,3,1,0,"undefined1 FUN_0800f0a0(int param_1, uint3 param_2, undefined4 param_3)",
0x0800F0BE,30,FUN_0800f0be,3,1,0,"undefined2 FUN_0800f0be(int param_1, ushort param_2, undefined4 param_3)",
0x0800F0DC,26,FUN_0800f0dc,1,1,0,"undefined4 FUN_0800f0dc(int param_1, undefined4 param_2, undefined4 param_3)",
0x0800F0F6,24,FUN_0800f0f6,1,1,0,"undefined FUN_0800f0f6(uint param_1, undefined4 param_2, undefined4 param_3)",
0x0800F10E,24,FUN_0800f10e,1,1,0,"undefined FUN_0800f10e(uint param_1, undefined4 param_2, undefined4 param_3)",
0x0800F126,22,FUN_0800f126,1,1,0,"undefined FUN_0800f126(uint param_1, int param_2, undefined4 param_3)",
0x0800F13C,52,FUN_0800f13c,2,3,0,"undefined FUN_0800f13c(int * param_1, uint param_2, uint param_3, int param_4)",
0x0800F170,28,FUN_0800f170,1,2,0,"undefined FUN_0800f170(uint param_1, uint param_2, undefined4 param_3)",
0x0800F18C,28,FUN_0800f18c,3,2,0,"undefined FUN_0800f18c(int param_1, uint param_2, undefined4 param_3, undefined4 param_4)",
0x0800F1A8,28,FUN_0800f1a8,3,2,0,"undefined FUN_0800f1a8(int param_1, int param_2, undefined4 param_3, undefined4 param_4)",
0x0800F1C4,4,thunk_FUN_0800f460,1,0,1,"int thunk_FUN_0800f460(undefined4 param_1, uint param_2, uint param_3, uint param_4)",
0x0800F1C8,4,thunk_FUN_0800f244,2,0,1,"uint thunk_FUN_0800f244(void)",
0x0800F1CC,10,FUN_0800f1cc,6,1,0,"bool FUN_0800f1cc(undefined4 * param_1, int param_2, uint param_3)",
0x0800F1D6,206,FUN_0800f1d6,4,6,0,"uint FUN_0800f1d6(int * param_1, uint param_2, uint param_3)",
0x0800F1E0,26,FUN_0800f1e0,2,1,0,"undefined FUN_0800f1e0(void)",
0x0800F200,28,FUN_0800f200,3,1,0,"undefined1 FUN_0800f200(void)",
0x0800F220,30,FUN_0800f220,3,1,0,"undefined4 FUN_0800f220(void)",
0x0800F244,50,FUN_0800f244,0,4,0,"uint FUN_0800f244(void)",
0x0800F278,30,FUN_0800f278,1,1,0,"bool FUN_0800f278(int param_1, undefined4 * param_2, uint param_3)",
0x0800F29C,38,FUN_0800f29c,1,1,0,"undefined1 FUN_0800f29c(int param_1, int param_2, int param_3)",
0x0800F2C2,38,FUN_0800f2c2,1,1,0,"bool FUN_0800f2c2(int param_1, int param_2, int param_3)",
0x0800F2E8,92,FUN_0800f2e8,2,5,0,"char FUN_0800f2e8(undefined4 param_1, undefined4 param_2, undefined4 param_3, undefined4 param_4)",
0x0800F354,20,FUN_0800f354,3,1,0,"int FUN_0800f354(undefined4 param_1, undefined4 param_2, undefined4 param_3)",
0x0800F36C,36,FUN_0800f36c,1,2,0,"undefined FUN_0800f36c(uint param_1)",
0x0800F460,240,FUN_0800f460,0,8,0,"int FUN_0800f460(undefined4 param_1, uint param_2, uint param_3, uint param_4)",
0x0800F55C,18,FUN_0800f55c,1,1,0,"bool FUN_0800f55c(void)",
0x0800F574,54,FUN_0800f574,2,1,0,"undefined4 FUN_0800f574(undefined4 param_1, undefined4 param_2, undefined4 param_3, undefined4 param_4)",
0x0800F5B4,38,FUN_0800f5b4,2,0,0,"bool FUN_0800f5b4(int param_1, uint param_2)",
0x0800F5E4,12,FUN_0800f5e4,2,1,0,"undefined4 FUN_0800f5e4(void)",
0x0800F5F4,110,FUN_0800f5f4,1,4,0,"undefined4 FUN_0800f5f4(void)","080167C0:Invalid sector count intended to be used with wear_leveling"
0x0800F67C,50,FUN_0800f67c,2,1,0,"undefined1 FUN_0800f67c(int param_1, uint * param_2)",
0x0800F6C0,190,FUN_0800f6c0,1,0,0,"uint FUN_0800f6c0(uint param_1, int param_2)",
0x0800F7AA,76,FUN_0800f7aa,4,0,0,"uint FUN_0800f7aa(uint param_1)",
0x0800F7F8,30,FUN_0800f7f8,3,0,0,"ushort FUN_0800f7f8(void)",
0x0800F81C,62,FUN_0800f81c,2,0,0,"uint FUN_0800f81c(uint param_1)",
0x0800F860,38,FUN_0800f860,0,0,0,"uint FUN_0800f860(undefined4 param_1, undefined4 param_2, byte param_3)",
0x0800F888,50,FUN_0800f888,0,0,0,"uint FUN_0800f888(undefined4 param_1, int param_2, char param_3)",
0x0800F8C0,50,FUN_0800f8c0,0,0,0,"uint FUN_0800f8c0(undefined4 param_1, int param_2, char param_3)",
0x0800F8F8,80,FUN_0800f8f8,0,0,0,"uint FUN_0800f8f8(undefined4 param_1, int param_2, char param_3)",
0x0800F94C,50,FUN_0800f94c,0,0,0,"uint FUN_0800f94c(undefined4 param_1, undefined4 param_2, undefined4 param_3, int param_4, char param_5)",
0x0800F97E,72,FUN_0800f97e,0,1,0,"uint FUN_0800f97e(undefined4 param_1, char param_2, int param_3, char param_4)",
0x0800F9C8,76,FUN_0800f9c8,0,0,0,"uint FUN_0800f9c8(undefined4 param_1, int param_2, int param_3, int param_4)",
0x0800FA18,76,FUN_0800fa18,0,0,0,"uint FUN_0800fa18(undefined4 param_1, int param_2, int param_3, int param_4)",
0x0800FA68,52,FUN_0800fa68,0,0,0,"uint FUN_0800fa68(undefined4 param_1, byte param_2)",
0x0800FA9C,72,FUN_0800fa9c,1,0,0,"uint FUN_0800fa9c(uint param_1, undefined4 param_2, undefined4 param_3, short param_4, short param_5)",
0x0800FAE4,114,FUN_0800fae4,0,0,0,"uint FUN_0800fae4(uint param_1, short param_2, int param_3, uint param_4, ushort param_5)",
0x0800FB5C,78,FUN_0800fb5c,0,0,0,"uint FUN_0800fb5c(uint param_1, undefined4 param_2, undefined4 param_3, int param_4, ushort param_5)",
0x0800FBAA,68,FUN_0800fbaa,0,0,0,"uint FUN_0800fbaa(uint param_1, undefined4 param_2, undefined4 param_3, int param_4, ushort param_5)",
0x0800FBF0,10,FUN_0800fbf0,6,0,0,"undefined FUN_0800fbf0(byte param_1)",
0x0800FC00,24,FUN_0800fc00,1,1,0,"bool FUN_0800fc00(void)",
0x0800FC20,70,FUN_0800fc20,3,0,0,"uint FUN_0800fc20(int param_1, uint param_2)",
0x0800FC66,70,FUN_0800fc66,1,1,0,"uint FUN_0800fc66(undefined4 param_1, uint param_2, int param_3, short param_4, byte param_5)",
0x0800FCAC,48,FUN_0800fcac,0,1,0,"uint FUN_0800fcac(undefined4 param_1, uint param_2, int param_3, char param_4)",
0x0800FCDC,54,FUN_0800fcdc,0,1,0,"uint FUN_0800fcdc(undefined4 param_1, uint param_2, int param_3, char param_4, char param_5)",
0x0800FD14,20,FUN_0800fd14,2,1,0,"undefined FUN_0800fd14(void)",
0x0800FD30,18,FUN_0800fd30,11,1,0,"uint FUN_0800fd30(uint param_1)",
0x0800FD38,212,FUN_0800fd38,1,1,0,"undefined FUN_0800fd38(uint param_1, uint param_2)",
0x0800FE14,34,FUN_0800fe14,2,2,0,"undefined FUN_0800fe14(void)",
0x0800FE40,4,FUN_0800fe40,1,0,0,"undefined4 FUN_0800fe40(void)",
0x0800FE44,34,FUN_0800fe44,2,1,0,"uint FUN_0800fe44(int param_1, int param_2, int param_3)",
0x0800FE6C,6,thunk_FUN_080114fc,1,1,1,"undefined thunk_FUN_080114fc(void)",
0x0800FE78,14,FUN_0800fe78,16,1,0,"undefined FUN_0800fe78(uint param_1, undefined1 param_2, undefined1 param_3, undefined1 param_4)",
0x0800FE8C,78,FUN_0800fe8c,1,3,0,"undefined FUN_0800fe8c(uint param_1, byte param_2)",
0x0800FEE4,6,thunk_FUN_08011378,9,1,1,"undefined thunk_FUN_08011378(undefined1 param_1, undefined1 param_2, undefined1 param_3)",
0x0800FEF0,342,FUN_0800fef0,1,5,0,"undefined4 FUN_0800fef0(int param_1)",
0x08010060,250,FUN_08010060,1,4,0,"undefined FUN_08010060(uint param_1, uint param_2, int param_3)",
0x0801016C,2,FUN_0801016c,1,0,0,"undefined FUN_0801016c(void)",
0x0801016E,12,FUN_0801016e,1,2,0,"undefined FUN_0801016e(void)",
0x0801017A,4,FUN_0801017a,2,0,0,"undefined4 FUN_0801017a(void)",
0x0801017E,40,FUN_0801017e,12,0,0,"uint FUN_0801017e(char param_1)",
0x080101A8,206,FUN_080101a8,3,5,0,"bool FUN_080101a8(char * param_1, undefined * param_2)",
0x08010284,6,FUN_08010284,1,1,0,"bool FUN_08010284(char * param_1)",
0x08010290,6,FUN_08010290,1,1,0,"bool FUN_08010290(undefined1 * param_1)",
0x0801029C,6,FUN_0801029c,1,1,0,"bool FUN_0801029c(undefined1 * param_1)",
0x080102A8,170,FUN_080102a8,2,3,0,"bool FUN_080102a8(char * param_1)",
0x08010360,6,FUN_08010360,1,1,0,"bool FUN_08010360(char * param_1)",
0x0801036C,6,FUN_0801036c,1,1,0,"bool FUN_0801036c(char * param_1)",
0x08010378,138,FUN_08010378,4,3,0,"bool FUN_08010378(char * param_1, undefined4 param_2, undefined4 param_3, uint param_4)",
0x08010410,6,FUN_08010410,1,1,0,"bool FUN_08010410(char * param_1, undefined4 param_2, undefined4 param_3, uint param_4)",
0x0801041C,6,FUN_0801041c,1,1,0,"bool FUN_0801041c(undefined1 * param_1, undefined4 param_2, undefined4 param_3, uint param_4)",
0x08010428,6,FUN_08010428,1,1,0,"bool FUN_08010428(undefined1 * param_1, undefined4 param_2, undefined4 param_3, uint param_4)",
0x08010434,6,FUN_08010434,1,1,0,"bool FUN_08010434(undefined1 * param_1, undefined4 param_2, undefined4 param_3, uint param_4)",
0x08010440,180,FUN_08010440,2,4,0,"bool FUN_08010440(char * param_1)",
0x08010500,6,FUN_08010500,1,1,0,"bool FUN_08010500(char * param_1)",
0x0801050C,6,FUN_0801050c,1,1,0,"bool FUN_0801050c(undefined1 * param_1)",
0x08010518,208,FUN_08010518,1,3,0,"bool FUN_08010518(char * param_1)",
0x080105F8,6,FUN_080105f8,1,1,0,"bool FUN_080105f8(char * param_1)",
0x08010604,284,FUN_08010604,4,6,0,"bool FUN_08010604(uint param_1, char * param_2, undefined * param_3)",
0x08010730,10,FUN_08010730,1,1,0,"bool FUN_08010730(char * param_1)",
0x08010740,10,FUN_08010740,1,1,0,"bool FUN_08010740(undefined1 * param_1)",
0x08010750,20,FUN_08010750,1,1,0,"bool FUN_08010750(undefined1 * param_1)",
0x0801076C,20,FUN_0801076c,1,1,0,"bool FUN_0801076c(char * param_1)",
0x08010788,106,FUN_08010788,1,3,0,"bool FUN_08010788(char * param_1)",
0x080107FC,166,FUN_080107fc,1,5,0,"bool FUN_080107fc(char * param_1, undefined4 param_2, undefined4 param_3, undefined4 param_4)",
0x080108B0,104,FUN_080108b0,1,3,0,"bool FUN_080108b0(char * param_1)",
0x08010920,280,FUN_08010920,1,7,0,"bool FUN_08010920(char * param_1)",
0x08010A4C,456,FUN_08010a4c,2,27,0,"undefined FUN_08010a4c(uint param_1, undefined4 param_2, uint param_3)",
0x08010C4C,8,FUN_08010c4c,1,1,0,"undefined FUN_08010c4c(uint param_1, uint param_2)",
0x08010C54,28,FUN_08010c54,1,2,0,"undefined FUN_08010c54(char * param_1)",
0x08010C70,78,FUN_08010c70,3,6,0,"uint FUN_08010c70(void)",
0x08010CD4,24,FUN_08010cd4,4,0,0,"undefined FUN_08010cd4(void)",
0x08010CF4,10,FUN_08010cf4,9,0,0,"byte FUN_08010cf4(void)",
0x08010D04,50,FUN_08010d04,3,1,0,"undefined FUN_08010d04(uint param_1, byte param_2)",
0x08010D40,6,FUN_08010d40,2,1,0,"undefined FUN_08010d40(uint param_1)",
0x08010D64,28,FUN_08010d64,0,1,0,"undefined FUN_08010d64(void)",
0x08010D8C,32,FUN_08010d8c,0,1,0,"undefined FUN_08010d8c(void)",
0x08010D94,30,FUN_08010d94,6,1,0,"undefined FUN_08010d94(undefined1 param_1, undefined1 param_2, undefined1 param_3, byte param_4)",
0x08010DCC,22,FUN_08010dcc,0,1,0,"undefined FUN_08010dcc(void)",
0x08010DF0,30,FUN_08010df0,0,1,0,"undefined FUN_08010df0(void)",
0x08010E1C,36,FUN_08010e1c,0,1,0,"undefined FUN_08010e1c(void)",
0x08010E44,34,FUN_08010e44,0,1,0,"undefined FUN_08010e44(void)",
0x08010E4C,44,FUN_08010e4c,4,2,0,"undefined FUN_08010e4c(undefined4 param_1)",
0x08010E7C,46,FUN_08010e7c,3,2,0,"undefined FUN_08010e7c(undefined4 param_1)",
0x08010EB4,6,FUN_08010eb4,1,1,0,"undefined FUN_08010eb4(void)",
0x08010EBC,42,FUN_08010ebc,2,1,0,"undefined FUN_08010ebc(void)",
0x08010EF0,30,FUN_08010ef0,1,3,0,"undefined FUN_08010ef0(void)",
0x08010F14,6,FUN_08010f14,0,1,0,"undefined FUN_08010f14(void)",
0x08010F1C,50,FUN_08010f1c,1,2,0,"undefined FUN_08010f1c(undefined4 param_1)",
0x08010F54,6,FUN_08010f54,0,1,0,"undefined FUN_08010f54(void)",
0x08010F74,24,FUN_08010f74,0,1,0,"undefined FUN_08010f74(void)",
0x08010F90,22,FUN_08010f90,0,1,0,"undefined FUN_08010f90(void)",
0x08010F98,6,FUN_08010f98,2,0,0,"undefined FUN_08010f98(undefined4 param_1)",
0x08010FA4,8,FUN_08010fa4,2,0,0,"undefined FUN_08010fa4(void)",
0x08010FB0,18,FUN_08010fb0,1,0,0,"bool FUN_08010fb0(void)",
0x08010FCC,16,FUN_08010fcc,2,1,0,"undefined FUN_08010fcc(void)",
0x08010FE4,16,FUN_08010fe4,2,1,0,"undefined FUN_08010fe4(void)",
0x08010FFC,6,FUN_08010ffc,1,0,0,"undefined1 FUN_08010ffc(void)",
0x08011008,58,FUN_08011008,2,4,0,"undefined FUN_08011008(int param_1)",
0x08011058,246,FUN_08011058,2,8,0,"undefined FUN_08011058(void)",
0x08011180,28,FUN_08011180,2,2,0,"undefined FUN_08011180(int param_1, undefined4 param_2, uint param_3)",
0x080111A0,86,FUN_080111a0,4,3,0,"char FUN_080111a0(uint param_1, byte param_2, undefined1 param_3, uint param_4, byte param_5)",
0x08011200,24,FUN_08011200,1,1,0,"int FUN_08011200(uint param_1, byte param_2, undefined1 param_3)",
0x08011218,42,FUN_08011218,1,1,0,"undefined4 FUN_08011218(uint param_1)",
0x0801124C,226,FUN_0801124c,1,5,0,"undefined FUN_0801124c(uint param_1)","080167FC:            "
0x08011338,50,FUN_08011338,2,0,0,"undefined FUN_08011338(uint param_1, undefined1 param_2, undefined1 param_3, undefined1 param_4)",
0x08011378,30,FUN_08011378,1,1,0,"undefined FUN_08011378(undefined1 param_1, undefined1 param_2, undefined1 param_3)",
0x08011398,166,FUN_08011398,1,0,0,"undefined FUN_08011398(int param_1, int param_2, int param_3, int param_4)",
0x0801144C,38,FUN_0801144c,1,1,0,"undefined FUN_0801144c(uint param_1)",
0x08011480,40,FUN_08011480,1,1,0,"uint FUN_08011480(uint param_1)",
0x080114B0,70,FUN_080114b0,1,5,0,"undefined FUN_080114b0(void)",
0x080114FC,18,FUN_080114fc,2,1,0,"undefined FUN_080114fc(void)",
0x08011510,8,FUN_08011510,1,0,0,"undefined FUN_08011510(void)",
0x0801151C,8,FUN_0801151c,1,0,0,"undefined FUN_0801151c(void)",
0x08011528,6,FUN_08011528,1,0,0,"undefined FUN_08011528(int param_1, undefined * UNRECOVERED_JUMPTABLE, undefined * UNRECOVERED_JUMPTABLE_00)",
0x08011530,128,process_rgb_matrix,1,4,0,"undefined1 process_rgb_matrix(undefined4 param_1, int param_2)",
0x080115F0,112,FUN_080115f0,2,0,0,"undefined FUN_080115f0(uint param_1, int param_2)",
0x08011660,8,FUN_08011660,1,1,0,"undefined FUN_08011660(void)",
0x08011668,92,FUN_08011668,1,2,0,"undefined FUN_08011668(void)",
0x080116D0,342,FUN_080116d0,1,3,0,"byte FUN_080116d0(void)",
0x08011890,4,FUN_08011890,1,0,0,"undefined4 FUN_08011890(void)",
0x08011894,8,FUN_08011894,1,1,0,"undefined FUN_08011894(void)",
0x0801189C,48,FUN_0801189c,3,2,0,"undefined FUN_0801189c(int param_1, undefined4 param_2, undefined4 param_3)",
0x080118D8,24,FUN_080118d8,2,2,0,"undefined FUN_080118d8(void)",
0x080118F4,74,process_leader,1,6,0,"undefined1 process_leader(uint param_1, int param_2)",
0x08011940,44,FUN_08011940,1,3,0,"undefined FUN_08011940(void)",
0x0801197C,14,FUN_0801197c,2,1,0,"undefined FUN_0801197c(void)",
0x08011990,6,FUN_08011990,1,0,0,"undefined1 FUN_08011990(void)",
0x0801199C,26,FUN_0801199c,1,0,0,"bool FUN_0801199c(undefined2 param_1)",
0x080119C0,24,FUN_080119c0,2,1,0,"bool FUN_080119c0(void)",
0x080119DC,24,FUN_080119dc,1,2,0,"undefined FUN_080119dc(void)",
0x080119F8,12,FUN_080119f8,1,1,0,"undefined FUN_080119f8(void)",
0x08011A08,46,FUN_08011a08,2,0,0,"bool FUN_08011a08(uint param_1, uint param_2, uint param_3, uint param_4, short param_5)",
0x08011A3C,20,FUN_08011a3c,1,1,0,"bool FUN_08011a3c(uint param_1)",
0x08011A50,18,FUN_08011a50,1,1,0,"bool FUN_08011a50(uint param_1, uint param_2)",
0x08011A62,42,FUN_08011a62,1,0,0,"int FUN_08011a62(short param_1)",
0x08011A8C,120,FUN_08011a8c,2,1,0,"byte FUN_08011a8c(void)",
0x08011B14,94,FUN_08011b14,2,1,0,"undefined4 FUN_08011b14(void)",
0x08011B84,164,FUN_08011b84,3,3,0,"undefined FUN_08011b84(int param_1)",
0x08011C48,206,FUN_08011c48,3,0,0,"undefined FUN_08011c48(int param_1)",
0x08011D68,58,FUN_08011d68,6,1,0,"undefined FUN_08011d68(void)",
0x08011DA0,28,FUN_08011da0,2,1,0,"undefined FUN_08011da0(void)",
0x08011DCC,34,FUN_08011dcc,1,0,0,"bool FUN_08011dcc(int param_1)",
0x08011DF0,374,FUN_08011df0,1,8,0,"undefined FUN_08011df0(undefined4 param_1, undefined4 param_2)",
0x08011F8C,6,FUN_08011f8c,3,0,0,"undefined FUN_08011f8c(undefined4 param_1, undefined4 param_2, undefined * UNRECOVERED_JUMPTABLE)",
0x08011F92,36,FUN_08011f92,2,4,0,"undefined FUN_08011f92(undefined4 * param_1)",
0x08011FB8,66,FUN_08011fb8,2,5,0,"undefined FUN_08011fb8(undefined4 * param_1)",
0x08012000,54,preprocess_tap_dance,1,2,0,"char preprocess_tap_dance(uint param_1, int param_2)",
0x08012040,132,process_tap_dance,1,6,0,"undefined4 process_tap_dance(uint param_1, int param_2)",
0x080120D0,66,FUN_080120d0,1,3,0,"undefined FUN_080120d0(void)",
0x08012120,6,FUN_08012120,4,0,0,"undefined FUN_08012120(undefined4 param_1)",
0x0801212C,6,FUN_0801212c,1,0,0,"undefined4 FUN_0801212c(void)",
0x08012138,12,FUN_08012138,4,0,0,"undefined FUN_08012138(void)",
0x08012148,8,FUN_08012148,3,1,0,"undefined FUN_08012148(void)",
0x08012150,12,FUN_08012150,1,0,0,"undefined FUN_08012150(void)",
0x08012160,16,FUN_08012160,1,0,0,"undefined FUN_08012160(undefined1 * param_1)",
0x08012188,36,FUN_08012188,5,0,0,"undefined FUN_08012188(uint param_1)",
0x080121B8,36,FUN_080121b8,5,0,0,"undefined FUN_080121b8(uint param_1)",
0x080121E8,64,FUN_080121e8,1,0,0,"char FUN_080121e8(void)",
0x08012238,82,FUN_08012238,1,0,0,"bool FUN_08012238(uint param_1)",
0x0801229C,44,FUN_0801229c,1,0,0,"undefined FUN_0801229c(int param_1, uint param_2)",
0x080122C8,24,FUN_080122c8,1,0,0,"undefined FUN_080122c8(int param_1, uint param_2)",
0x0801231C,60,FUN_0801231c,1,1,0,"undefined FUN_0801231c(uint param_1)",
0x08012350,66,FUN_08012350,2,1,0,"uint FUN_08012350(uint param_1)",
0x08012384,38,FUN_08012384,2,1,0,"undefined FUN_08012384(void)",
0x080123BC,72,FUN_080123bc,1,0,0,"bool FUN_080123bc(int param_1, int param_2)",
0x08012404,2,FUN_08012404,1,0,0,"undefined FUN_08012404(void)",
0x08012406,8,FUN_08012406,3,1,0,"undefined FUN_08012406(void)",
0x08012410,16,FUN_08012410,1,1,0,"undefined FUN_08012410(char param_1)",
0x08012424,14,FUN_08012424,1,1,0,"undefined FUN_08012424(void)",
0x08012438,4,thunk_FUN_08012410,1,0,1,"undefined thunk_FUN_08012410(char param_1)",
0x0801243C,14,FUN_0801243c,1,1,0,"undefined FUN_0801243c(void)",
0x08012450,4,thunk_FUN_0801243c,0,0,1,"undefined thunk_FUN_0801243c(void)",
0x08012454,2,FUN_08012454,1,0,0,"undefined FUN_08012454(void)",
0x08012456,2,FUN_08012456,1,0,0,"undefined FUN_08012456(void)",
0x08012458,2,FUN_08012458,1,0,0,"undefined FUN_08012458(void)",
0x0801245A,8,FUN_0801245a,1,1,0,"undefined FUN_0801245a(void)",
0x08012462,2,FUN_08012462,1,0,0,"undefined FUN_08012462(void)",
0x08012464,8,FUN_08012464,1,1,0,"undefined FUN_08012464(void)",
0x0801246C,36,FUN_0801246c,1,4,0,"undefined4 FUN_0801246c(void)",
0x08012490,14,FUN_08012490,1,2,0,"undefined FUN_08012490(void)",
0x0801249E,18,FUN_0801249e,1,2,0,"undefined FUN_0801249e(void)",
0x080124B0,38,FUN_080124b0,1,7,0,"undefined FUN_080124b0(void)",
0x080124D8,32,FUN_080124d8,0,1,0,"undefined FUN_080124d8(void)",
0x08012504,4,thunk_FUN_080124d8,1,0,1,"undefined thunk_FUN_080124d8(void)",
0x08012508,82,FUN_08012508,30,2,0,"int FUN_08012508(void)",
0x08012574,10,FUN_08012574,9,1,0,"uint FUN_08012574(void)",
0x0801257E,14,FUN_0801257e,6,1,0,"uint FUN_0801257e(int param_1)",
0x0801258C,12,FUN_0801258c,15,1,0,"int FUN_0801258c(int param_1)",
0x08012598,26,FUN_08012598,2,0,0,"undefined FUN_08012598(void)",
0x080125BC,8,FUN_080125bc,1,0,0,"undefined FUN_080125bc(void)",
0x080125CC,14,FUN_080125cc,1,0,0,"bool FUN_080125cc(void)",
0x080125E4,8,FUN_080125e4,1,0,0,"undefined FUN_080125e4(void)",
0x080125F0,10,FUN_080125f0,2,2,0,"undefined FUN_080125f0(void)",
0x080125FA,6,FUN_080125fa,1,1,0,"undefined FUN_080125fa(void)",
0x08012600,108,FUN_08012600,0,2,0,"undefined FUN_08012600(void)",
0x08012674,98,FUN_08012674,1,3,0,"undefined FUN_08012674(void)",
0x080126E8,208,FUN_080126e8,1,3,0,"undefined1 FUN_080126e8(uint param_1, short param_2, int param_3, uint param_4)",
0x080127C4,14,FUN_080127c4,1,1,0,"undefined4 FUN_080127c4(uint param_1, uint param_2)",
0x080127D8,26,FUN_080127d8,1,2,0,"undefined FUN_080127d8(void)",
0x080127FC,2,FUN_080127fc,0,0,0,"undefined FUN_080127fc(void)",
0x08012800,256,FUN_08012800,0,3,0,"undefined4 FUN_08012800(int param_1, undefined4 param_2)",
0x08012914,64,FUN_08012914,0,1,0,"undefined4 * FUN_08012914(int param_1)",
0x08012958,42,FUN_08012958,0,0,0,"undefined FUN_08012958(int param_1)",
0x0801298C,28,FUN_0801298c,1,0,0,"undefined FUN_0801298c(undefined1 param_1)",
0x080129B4,160,FUN_080129b4,0,7,0,"undefined FUN_080129b4(undefined4 param_1, undefined4 param_2)",
0x08012A74,24,FUN_08012a74,2,1,0,"undefined FUN_08012a74(void)",
0x08012A98,138,FUN_08012a98,1,5,0,"undefined FUN_08012a98(void)",
0x08012B50,90,FUN_08012b50,2,7,0,"undefined4 FUN_08012b50(char * param_1)",
0x08012BB8,6,FUN_08012bb8,0,0,0,"undefined1 FUN_08012bb8(void)",
0x08012BC4,26,FUN_08012bc4,6,1,0,"undefined FUN_08012bc4(int param_1, undefined4 * param_2, uint param_3)",
0x08012BE4,10,FUN_08012be4,0,1,0,"undefined FUN_08012be4(undefined4 * param_1)",
0x08012BEE,10,FUN_08012bee,0,1,0,"undefined FUN_08012bee(undefined4 * param_1)",
0x08012BF8,10,FUN_08012bf8,0,1,0,"undefined FUN_08012bf8(undefined4 * param_1)",
0x08012C02,10,FUN_08012c02,0,1,0,"undefined FUN_08012c02(undefined4 * param_1)",
0x08012C0C,16,raw_hid_send,3,1,0,"undefined raw_hid_send(undefined4 * param_1, int param_2)",
0x08012C1C,34,FUN_08012c1c,1,2,0,"undefined FUN_08012c1c(void)",
0x08012C44,4,thunk_FUN_08012600,1,0,1,"undefined thunk_FUN_08012600(void)",
0x08012C48,2,FUN_08012c48,1,0,0,"undefined FUN_08012c48(void)",
0x08012C4A,2,FUN_08012c4a,1,0,0,"undefined FUN_08012c4a(void)",
0x08012C4C,16,FUN_08012c4c,1,3,0,"undefined FUN_08012c4c(void)",
0x08012C5C,12,FUN_08012c5c,1,2,0,"undefined FUN_08012c5c(void)",
0x08012C68,4,thunk_FUN_0801243c,1,0,1,"undefined thunk_FUN_0801243c(void)",
0x08012C6C,30,FUN_08012c6c,1,3,0,"undefined FUN_08012c6c(void)",
0x08012CA4,4,thunk_FUN_08012a98,1,0,1,"undefined thunk_FUN_08012a98(void)",
0x08012CA8,14,FUN_08012ca8,1,2,0,"undefined FUN_08012ca8(void)",
0x08012CB8,90,FUN_08012cb8,1,0,0,"undefined * FUN_08012cb8(uint param_1, undefined * param_2, undefined4 param_3, undefined4 * param_4)",
0x08012D30,58,FUN_08012d30,0,2,0,"undefined FUN_08012d30(int param_1, int param_2)",
0x08012D6A,54,FUN_08012d6a,3,2,0,"undefined FUN_08012d6a(int param_1)",
0x08012DA0,6,FUN_08012da0,0,1,0,"undefined FUN_08012da0(int param_1)",
0x08012DA8,52,FUN_08012da8,1,1,0,"undefined FUN_08012da8(int param_1)",
0x08012DE0,36,FUN_08012de0,1,1,0,"undefined FUN_08012de0(int param_1)",
0x08012E08,32,FUN_08012e08,1,0,0,"undefined FUN_08012e08(int param_1)",
0x08012E28,30,FUN_08012e28,1,0,0,"undefined FUN_08012e28(int param_1)",
0x08012E46,40,FUN_08012e46,1,2,0,"undefined FUN_08012e46(int * param_1)",
0x08012E6E,26,FUN_08012e6e,1,2,0,"undefined FUN_08012e6e(int * param_1)",
0x08012E88,6,FUN_08012e88,1,0,0,"undefined FUN_08012e88(int param_1)",
0x08012E8E,6,FUN_08012e8e,1,0,0,"undefined FUN_08012e8e(int param_1)",
0x08012E94,32,FUN_08012e94,1,2,0,"undefined FUN_08012e94(int * param_1)",
0x08012EB4,22,FUN_08012eb4,1,2,0,"undefined FUN_08012eb4(int * param_1)",
0x08012ECA,150,FUN_08012eca,0,3,0,"undefined FUN_08012eca(int param_1, uint param_2, undefined4 param_3)",
0x08012F60,66,FUN_08012f60,0,2,0,"undefined FUN_08012f60(int param_1, int param_2)",
0x08012FA2,158,FUN_08012fa2,1,5,0,"undefined4 FUN_08012fa2(int * param_1, undefined4 * param_2, uint param_3, uint param_4, char param_5)",
0x08013040,56,FUN_08013040,1,0,0,"undefined4 FUN_08013040(int param_1)",
0x08013078,76,FUN_08013078,1,1,0,"bool FUN_08013078(int param_1, undefined4 * param_2, uint param_3, uint param_4)",
0x080130C4,38,FUN_080130c4,0,2,0,"undefined FUN_080130c4(int * param_1, undefined4 * param_2, uint param_3)",
0x080130EA,22,FUN_080130ea,0,1,0,"undefined FUN_080130ea(int * param_1, undefined4 param_2, int param_3)",
0x08013100,28,FUN_08013100,0,1,0,"undefined FUN_08013100(int * param_1)",
0x0801311C,60,FUN_0801311c,0,2,0,"undefined FUN_0801311c(int param_1, byte * param_2, uint param_3)",
0x08013158,28,FUN_08013158,0,1,0,"undefined FUN_08013158(int param_1, uint param_2, int param_3)",
0x08013174,38,FUN_08013174,0,1,0,"undefined FUN_08013174(int param_1)",
0x0801319C,74,FUN_0801319c,1,0,0,"undefined4 FUN_0801319c(int param_1, undefined4 param_2, undefined4 param_3, undefined4 param_4)",
0x080131F4,24,FUN_080131f4,0,0,0,"undefined FUN_080131f4(undefined4 * param_1, undefined4 param_2, int param_3)",
0x08013210,12,FUN_08013210,0,0,0,"uint FUN_08013210(int * param_1)",
0x0801321C,72,FUN_0801321c,0,2,0,"undefined8 FUN_0801321c(int * param_1, undefined4 param_2)",
0x0801326C,32,FUN_0801326c,0,0,0,"undefined FUN_0801326c(int param_1, int param_2, int param_3)",
0x08013290,22,FUN_08013290,0,0,0,"uint FUN_08013290(int param_1, uint param_2)",
0x080132A8,84,FUN_080132a8,0,2,0,"undefined8 FUN_080132a8(int param_1, uint param_2)",
0x08013304,232,FUN_08013304,1,2,0,"undefined FUN_08013304(void)",
0x080133F8,68,FUN_080133f8,1,0,0,"undefined4 FUN_080133f8(int param_1)",
0x08013448,68,FUN_08013448,1,0,0,"undefined4 FUN_08013448(int param_1)",
0x08013494,12,FUN_08013494,1,0,0,"undefined FUN_08013494(void)",
0x080134AC,38,FUN_080134ac,1,0,0,"uint FUN_080134ac(int param_1, int param_2, int param_3)",
0x080134D8,20,FUN_080134d8,1,1,0,"undefined FUN_080134d8(int param_1, int param_2, int param_3)",
0x080134EC,2,FUN_080134ec,1,0,0,"undefined FUN_080134ec(void)",
0x080134EE,2,FUN_080134ee,1,0,0,"undefined FUN_080134ee(void)",
0x080134F4,82,FUN_080134f4,1,1,0,"undefined FUN_080134f4(void)",
0x0801354C,34,FUN_0801354c,1,2,0,"undefined FUN_0801354c(void)",
0x0801357C,14,FUN_0801357c,5,0,0,"undefined FUN_0801357c(void)",
0x08013594,4,thunk_FUN_08013774,1,0,1,"undefined thunk_FUN_08013774(void)",
0x08013598,18,FUN_08013598,2,0,0,"undefined FUN_08013598(void)",
0x080135AA,30,FUN_080135aa,2,1,0,"undefined FUN_080135aa(int param_1)",
0x080135C8,14,FUN_080135c8,5,0,0,"undefined FUN_080135c8(uint param_1)",
0x080135DC,10,FUN_080135dc,3,0,0,"undefined FUN_080135dc(uint param_1)",
0x080135EC,42,FUN_080135ec,2,0,0,"undefined FUN_080135ec(int * param_1, int * param_2, uint param_3)",
0x08013616,54,FUN_08013616,3,3,0,"undefined FUN_08013616(int param_1, uint param_2)",
0x0801364C,82,FUN_0801364c,2,4,0,"undefined FUN_0801364c(int * param_1, int param_2, uint param_3)",
0x080136A4,72,FUN_080136a4,1,4,0,"undefined FUN_080136a4(int * param_1, uint param_2)",
0x080136F4,18,FUN_080136f4,1,1,0,"undefined FUN_080136f4(int * param_1, uint param_2, int param_3, int param_4)",
0x08013708,102,FUN_08013708,1,3,0,"undefined FUN_08013708(int * param_1)",
0x08013774,188,FUN_08013774,0,6,0,"undefined FUN_08013774(void)",
0x08013838,28,FUN_08013838,1,0,0,"undefined FUN_08013838(int * param_1)",
0x08013854,28,FUN_08013854,1,0,0,"undefined FUN_08013854(int * param_1)",
0x08013870,62,FUN_08013870,0,1,0,"undefined FUN_08013870(undefined4 param_1, int * param_2)",
0x080138B4,4,thunk_FUN_08013838,6,0,1,"undefined thunk_FUN_08013838(int * param_1)",
0x080138B8,24,FUN_080138b8,3,1,0,"undefined FUN_080138b8(undefined1 param_1)",
0x080138D4,52,FUN_080138d4,3,3,0,"undefined4 FUN_080138d4(undefined1 param_1, uint param_2)",
0x08013910,20,FUN_08013910,1,0,0,"bool FUN_08013910(void)",
0x08013928,36,FUN_08013928,2,2,0,"undefined FUN_08013928(void)",
0x08013950,20,FUN_08013950,4,1,0,"undefined FUN_08013950(void)",
0x08013968,4,FUN_08013968,0,0,0,"undefined FUN_08013968(void)",
0x0801396C,110,FUN_0801396c,1,4,0,"undefined FUN_0801396c(int param_1, int param_2)",
0x080139EC,20,FUN_080139ec,1,0,0,"int FUN_080139ec(undefined4 param_1, int param_2, undefined4 param_3, undefined4 param_4)",
0x08013A00,70,FUN_08013a00,1,0,0,"int FUN_08013a00(int param_1)",
0x08013A50,14,FUN_08013a50,1,2,0,"undefined FUN_08013a50(int param_1)",
0x08013A60,12,FUN_08013a60,1,1,0,"undefined FUN_08013a60(undefined4 param_1)",
0x08013A70,10,thunk_FUN_08013a60,1,1,1,"undefined thunk_FUN_08013a60(undefined4 param_1)",
0x08013A7A,24,FUN_08013a7a,17,1,0,"undefined FUN_08013a7a(uint param_1)",
0x08013AB0,18,FUN_08013ab0,9,1,0,"undefined FUN_08013ab0(undefined4 * param_1, int param_2)",
0x08013AC4,28,FUN_08013ac4,2,1,0,"undefined4 FUN_08013ac4(int param_1, uint param_2)",
0x08013AE4,22,FUN_08013ae4,2,1,0,"undefined FUN_08013ae4(int * param_1, int param_2)",
0x08013AFA,28,FUN_08013afa,5,1,0,"undefined FUN_08013afa(int * param_1, int param_2)",
0x08013B16,30,FUN_08013b16,1,0,0,"undefined FUN_08013b16(int * param_1, int * param_2)",
0x08013B34,10,FUN_08013b34,2,0,0,"undefined FUN_08013b34(int param_1)",
0x08013B40,94,FUN_08013b40,1,3,0,"undefined FUN_08013b40(int * param_1)",
0x08013BA4,20,FUN_08013ba4,1,1,0,"undefined FUN_08013ba4(int * param_1)",
0x08013BB8,86,FUN_08013bb8,1,2,0,"undefined FUN_08013bb8(int * param_1)",
0x08013C14,28,SVCall_Handler,0,0,0,"undefined SVCall_Handler(void)",
0x08013C34,58,FUN_08013c34,1,0,0,"undefined FUN_08013c34(void)",
0x08013C7C,66,FUN_08013c7c,28,1,0,"undefined FUN_08013c7c(void)",
0x08013CD0,106,FUN_08013cd0,2,7,0,"undefined FUN_08013cd0(void)",
0x08013CFA,8,FUN_08013cfa,13,0,0,"undefined4 FUN_08013cfa(void)",
0x08013D02,16,FUN_08013d02,1,0,0,"undefined FUN_08013d02(undefined4 param_1)",
0x08013D12,10,FUN_08013d12,2,0,0,"undefined FUN_08013d12(void)",
0x08013D1C,8,FUN_08013d1c,2,0,0,"undefined FUN_08013d1c(undefined4 param_1)",
0x08013D24,46,FUN_08013d24,1,0,0,"undefined FUN_08013d24(int param_1, undefined1 param_2, int param_3, int param_4, int param_5, undefined4 param_6, undefined4 param_7)",
0x08013D52,22,FUN_08013d52,2,1,0,"undefined FUN_08013d52(int * param_1)",
0x08013D68,20,FUN_08013d68,1,0,0,"int FUN_08013d68(int param_1)",
0x08013D7C,32,FUN_08013d7c,1,1,0,"undefined FUN_08013d7c(int * param_1, undefined4 param_2)",
0x08013D9C,50,FUN_08013d9c,1,1,0,"int FUN_08013d9c(int param_1, uint param_2)",
0x08013DCE,36,FUN_08013dce,1,0,0,"undefined FUN_08013dce(int param_1)",
0x08013DF2,130,FUN_08013df2,1,3,0,"uint FUN_08013df2(int param_1, undefined4 * param_2, uint param_3, uint param_4)",
0x08013E74,46,FUN_08013e74,1,0,0,"undefined FUN_08013e74(int param_1, undefined1 param_2, int param_3, int param_4, int param_5, undefined4 param_6, undefined4 param_7)",
0x08013EA2,24,FUN_08013ea2,3,1,0,"undefined FUN_08013ea2(int * param_1)",
0x08013EBA,28,FUN_08013eba,2,0,0,"int FUN_08013eba(int param_1, int * param_2)",
0x08013ED6,30,FUN_08013ed6,1,1,0,"undefined FUN_08013ed6(int * param_1)",
0x08013EF4,50,FUN_08013ef4,1,1,0,"int FUN_08013ef4(int param_1, uint param_2)",
0x08013F26,38,FUN_08013f26,2,0,0,"undefined FUN_08013f26(int param_1, undefined4 param_2)",
0x08013F4C,134,FUN_08013f4c,1,3,0,"uint FUN_08013f4c(int param_1, undefined4 * param_2, uint param_3, uint param_4)",
0x08013FD2,32,FUN_08013fd2,1,1,0,"undefined FUN_08013fd2(int param_1)",
0x08013FF4,56,FUN_08013ff4,1,2,0,"undefined FUN_08013ff4(int * param_1, uint param_2)",
0x08014030,26,FUN_08014030,2,0,0,"int FUN_08014030(int * param_1, int param_2)",
0x0801404A,26,FUN_0801404a,2,0,0,"undefined4 FUN_0801404a(int * param_1, int param_2)",
0x08014064,16,FUN_08014064,1,0,0,"int FUN_08014064(int * param_1, int param_2)",
0x08014074,12,FUN_08014074,0,1,0,"undefined4 FUN_08014074(int param_1)",
0x08014080,12,FUN_08014080,0,1,0,"undefined4 FUN_08014080(int param_1)",
0x0801408C,4,thunk_FUN_08014c78,1,0,1,"undefined thunk_FUN_08014c78(void)",
0x08014090,14,FUN_08014090,1,1,0,"undefined FUN_08014090(undefined4 * param_1)",
0x080140A4,28,FUN_080140a4,1,1,0,"undefined4 FUN_080140a4(int param_1, undefined4 param_2)",
0x080140C0,26,FUN_080140c0,1,1,0,"undefined FUN_080140c0(int param_1)",
0x080140DC,18,FUN_080140dc,1,0,0,"undefined FUN_080140dc(uint param_1, undefined4 param_2, undefined4 param_3)",
0x080140F4,4,thunk_FUN_08015fe0,1,0,1,"undefined thunk_FUN_08015fe0(void)",
0x080140F8,6,FUN_080140f8,1,0,0,"undefined FUN_080140f8(undefined4 * param_1)",
0x08014104,4,thunk_FUN_08016058,1,0,1,"undefined thunk_FUN_08016058(int param_1, byte * param_2)",
0x08014108,4,thunk_FUN_08016130,1,0,1,"undefined thunk_FUN_08016130(int param_1, uint * param_2)",
0x0801410C,4,thunk_FUN_080163c8,2,0,1,"undefined thunk_FUN_080163c8(void)",
0x08014110,16,FUN_08014110,1,1,0,"undefined FUN_08014110(undefined1 * param_1)",
0x08014120,34,FUN_08014120,3,1,0,"undefined FUN_08014120(char * param_1, undefined4 param_2)",
0x08014142,28,FUN_08014142,4,1,0,"undefined FUN_08014142(char * param_1)",
0x0801415E,28,FUN_0801415e,4,0,0,"undefined FUN_0801415e(int param_1)",
0x0801417A,28,FUN_0801417a,2,0,0,"undefined FUN_0801417a(int param_1)",
0x08014196,14,FUN_08014196,1,1,0,"undefined4 FUN_08014196(undefined1 * param_1, uint param_2, uint param_3, uint param_4)",
0x080141A4,62,FUN_080141a4,1,0,0,"undefined4 FUN_080141a4(undefined1 * param_1, uint param_2, uint param_3)",
0x080141AC,38,FUN_080141ac,2,1,0,"undefined4 FUN_080141ac(char * param_1, uint param_2)",
0x080141BC,34,FUN_080141bc,1,2,0,"undefined FUN_080141bc(char * param_1, uint param_2, uint param_3, uint param_4)",
0x080141DE,34,FUN_080141de,2,2,0,"undefined FUN_080141de(char * param_1, uint param_2, uint param_3)",
0x08014200,4,thunk_FUN_08015538,1,0,1,"undefined thunk_FUN_08015538(void)",
0x08014204,24,FUN_08014204,1,0,0,"undefined FUN_08014204(undefined1 * param_1)",
0x0801421C,38,FUN_0801421c,1,1,0,"undefined4 FUN_0801421c(char * param_1, undefined4 param_2)",
0x08014242,82,FUN_08014242,2,3,0,"undefined FUN_08014242(char * param_1)",
0x08014294,50,FUN_08014294,1,2,0,"undefined FUN_08014294(int param_1, uint param_2, int param_3)",
0x080142C6,84,FUN_080142c6,1,2,0,"undefined FUN_080142c6(int param_1)",
0x08014310,36,FUN_08014310,3,1,0,"undefined FUN_08014310(int param_1, uint param_2, undefined4 param_3, undefined4 param_4)",
0x08014334,36,FUN_08014334,5,1,0,"undefined FUN_08014334(int param_1, uint param_2, undefined4 param_3, undefined4 param_4)",
0x08014358,62,FUN_08014358,1,1,0,"undefined FUN_08014358(char * param_1)",
0x08014396,112,FUN_08014396,1,2,0,"undefined FUN_08014396(undefined1 * param_1)",
0x08014406,92,FUN_08014406,1,1,0,"undefined FUN_08014406(char * param_1, undefined4 param_2, undefined4 param_3, undefined4 param_4)",
0x08014462,22,FUN_08014462,1,0,0,"undefined FUN_08014462(char * param_1)",
0x08014478,700,FUN_08014478,0,11,0,"undefined FUN_08014478(char * param_1, int param_2)",
0x08014740,162,FUN_08014740,0,4,0,"undefined FUN_08014740(int param_1)",
0x080147F2,120,FUN_080147f2,0,3,0,"undefined FUN_080147f2(int param_1)",
0x0801486A,44,FUN_0801486a,4,0,0,"undefined FUN_0801486a(uint param_1, char param_2)",
0x08014896,44,FUN_08014896,2,0,0,"undefined FUN_08014896(uint param_1)",
0x080148C4,32,Vector58_IRQ6_EXTI0,0,1,0,"undefined Vector58_IRQ6_EXTI0(void)",
0x080148EC,32,Vector5C_IRQ7_EXTI1,0,1,0,"undefined Vector5C_IRQ7_EXTI1(void)",
0x08014914,32,Vector60_IRQ8_EXTI2,0,1,0,"undefined Vector60_IRQ8_EXTI2(void)",
0x0801493C,32,Vector64_IRQ9_EXTI3,0,1,0,"undefined Vector64_IRQ9_EXTI3(void)",
0x08014964,32,Vector68_IRQ10_EXTI4,0,1,0,"undefined Vector68_IRQ10_EXTI4(void)",
0x0801498C,90,Vector9C_IRQ23_EXTI9_5,0,1,0,"undefined Vector9C_IRQ23_EXTI9_5(void)",
0x080149F0,104,VectorE0_IRQ40_EXTI15_10,0,1,0,"undefined VectorE0_IRQ40_EXTI15_10(void)",
0x08014A60,14,VectorB0_IRQ28_TIM2,0,2,0,"undefined VectorB0_IRQ28_TIM2(void)",
0x08014AB4,228,FUN_08014ab4,1,2,0,"undefined FUN_08014ab4(void)",
0x08014B5C,212,FUN_08014b5c,2,0,0,"undefined FUN_08014b5c(void)",
0x08014C54,36,FUN_08014c54,2,0,0,"undefined4 FUN_08014c54(int param_1)",
0x08014C78,62,FUN_08014c78,0,1,0,"undefined FUN_08014c78(void)",
0x08014CD4,26,FUN_08014cd4,1,0,0,"undefined FUN_08014cd4(int param_1)",
0x08014CFC,12,FUN_08014cfc,1,0,0,"undefined FUN_08014cfc(int param_1)",
0x08014D08,4,FUN_08014d08,0,0,0,"undefined4 FUN_08014d08(int param_1)",
0x08014D0C,46,FUN_08014d0c,0,1,0,"bool FUN_08014d0c(int param_1, int param_2, uint param_3, undefined4 * param_4)",
0x08014D3A,176,FUN_08014d3a,0,1,0,"int FUN_08014d3a(int param_1, uint param_2, int param_3, undefined1 * param_4)",
0x08014DEA,12,FUN_08014dea,0,0,0,"undefined4 FUN_08014dea(int param_1)",
0x08014DF6,70,FUN_08014df6,0,0,0,"undefined4 FUN_08014df6(int param_1, int param_2)",
0x08014E3C,50,FUN_08014e3c,0,1,0,"undefined4 FUN_08014e3c(int param_1, undefined4 * param_2)",
0x08014E6E,70,FUN_08014e6e,0,2,0,"undefined4 FUN_08014e6e(int * param_1, int param_2)",
0x08014EB4,30,Vector6C_IRQ11_DMA1_Stream0,0,1,0,"undefined Vector6C_IRQ11_DMA1_Stream0(void)",
0x08014EDC,34,Vector70_IRQ12_DMA1_Stream1,0,1,0,"undefined Vector70_IRQ12_DMA1_Stream1(void)",
0x08014F08,34,Vector74_IRQ13_DMA1_Stream2,0,1,0,"undefined Vector74_IRQ13_DMA1_Stream2(void)",
0x08014F34,34,Vector78_IRQ14_DMA1_Stream3,0,1,0,"undefined Vector78_IRQ14_DMA1_Stream3(void)",
0x08014F60,30,Vector7C_IRQ15_DMA1_Stream4,0,1,0,"undefined Vector7C_IRQ15_DMA1_Stream4(void)",
0x08014F88,34,Vector80_IRQ16_DMA1_Stream5,0,1,0,"undefined Vector80_IRQ16_DMA1_Stream5(void)",
0x08014FB4,34,Vector84_IRQ17_DMA1_Stream6,0,1,0,"undefined Vector84_IRQ17_DMA1_Stream6(void)",
0x08014FE0,34,VectorFC_IRQ47_DMA1_Stream7,0,1,0,"undefined VectorFC_IRQ47_DMA1_Stream7(void)",
0x0801500C,30,Vector120_IRQ56_DMA2_Stream0,0,1,0,"undefined Vector120_IRQ56_DMA2_Stream0(void)",
0x08015034,34,Vector124_IRQ57_DMA2_Stream1,0,1,0,"undefined Vector124_IRQ57_DMA2_Stream1(void)",
0x08015060,34,Vector128_IRQ58_DMA2_Stream2,0,1,0,"undefined Vector128_IRQ58_DMA2_Stream2(void)",
0x0801508C,34,Vector12C_IRQ59_DMA2_Stream3,0,1,0,"undefined Vector12C_IRQ59_DMA2_Stream3(void)",
0x080150B8,30,Vector130_IRQ60_DMA2_Stream4,0,1,0,"undefined Vector130_IRQ60_DMA2_Stream4(void)",
0x080150E0,34,Vector150_IRQ68_DMA2_Stream5,0,1,0,"undefined Vector150_IRQ68_DMA2_Stream5(void)",
0x0801510C,34,Vector154_IRQ69_DMA2_Stream6,0,1,0,"undefined Vector154_IRQ69_DMA2_Stream6(void)",
0x08015138,36,Vector158_IRQ70_DMA2_Stream7,0,1,0,"undefined Vector158_IRQ70_DMA2_Stream7(void)",
0x08015164,54,FUN_08015164,1,0,0,"undefined FUN_08015164(void)",
0x080151A8,164,FUN_080151a8,1,1,0,"undefined4 * FUN_080151a8(uint param_1, char param_2, int param_3, undefined4 param_4)",
0x08015258,78,FUN_08015258,2,1,0,"undefined FUN_08015258(int param_1)",
0x080152B0,104,FUN_080152b0,1,0,0,"undefined FUN_080152b0(uint param_1, uint param_2)",
0x0801531C,22,FUN_0801531c,1,0,0,"undefined FUN_0801531c(void)",
0x08015338,214,FUN_08015338,17,0,0,"undefined FUN_08015338(uint * param_1, uint param_2, uint param_3)",
0x08015410,94,FUN_08015410,2,0,0,"undefined FUN_08015410(uint param_1, uint param_2, uint param_3)",
0x08015474,76,FUN_08015474,1,0,0,"undefined FUN_08015474(undefined4 param_1, uint param_2)",
0x080154CC,86,FUN_080154cc,4,0,0,"undefined FUN_080154cc(int param_1)",
0x08015522,20,FUN_08015522,3,1,0,"undefined FUN_08015522(int param_1, int param_2)",
0x08015538,22,FUN_08015538,0,1,0,"undefined FUN_08015538(void)",
0x08015558,178,FUN_08015558,1,3,0,"undefined FUN_08015558(char * param_1)",
0x08015624,60,FUN_08015624,1,2,0,"undefined FUN_08015624(char * param_1)",
0x08015668,168,FUN_08015668,1,2,0,"undefined FUN_08015668(int param_1)",
0x08015718,24,FUN_08015718,1,0,0,"undefined FUN_08015718(int param_1)",
0x08015730,268,FUN_08015730,1,1,0,"undefined FUN_08015730(int param_1, uint param_2)",
0x0801584E,26,FUN_0801584e,1,0,0,"undefined4 FUN_0801584e(int param_1, int param_2)",
0x08015868,26,FUN_08015868,1,0,0,"undefined4 FUN_08015868(int param_1, int param_2)",
0x08015882,18,FUN_08015882,1,1,0,"undefined FUN_08015882(int param_1, int param_2, undefined4 * param_3)",
0x08015894,122,FUN_08015894,2,0,0,"undefined FUN_08015894(int param_1, int param_2)",
0x08015910,170,FUN_08015910,1,2,0,"undefined FUN_08015910(uint param_1, undefined4 param_2, undefined4 param_3, undefined4 param_4)",
0x080159C0,138,FUN_080159c0,2,0,0,"undefined FUN_080159c0(int param_1, uint param_2)",
0x08015A4C,268,FUN_08015a4c,1,2,0,"undefined FUN_08015a4c(uint param_1, undefined4 param_2, undefined4 param_3, undefined4 param_4)",
0x08015B5C,706,Vector14C_IRQ67_OTG_FS,0,9,0,"undefined Vector14C_IRQ67_OTG_FS(undefined4 param_1, undefined4 param_2, undefined1 * param_3)",
0x08015E24,20,FUN_08015e24,3,0,0,"undefined FUN_08015e24(int param_1, int param_2)",
0x08015E38,20,FUN_08015e38,3,0,0,"undefined FUN_08015e38(int param_1, int param_2)",
0x08015E4C,20,FUN_08015e4c,1,0,0,"undefined FUN_08015e4c(int param_1, int param_2)",
0x08015E60,20,FUN_08015e60,1,0,0,"undefined FUN_08015e60(int param_1, int param_2)",
0x08015E74,20,FUN_08015e74,2,0,0,"undefined FUN_08015e74(void)",
0x08015E8C,4,FUN_08015e8c,0,0,0,"undefined4 FUN_08015e8c(void)",
0x08015E90,42,FUN_08015e90,0,0,0,"undefined4 FUN_08015e90(int param_1, int param_2, int param_3, undefined1 * param_4)",
0x08015EBA,58,FUN_08015eba,0,0,0,"undefined4 FUN_08015eba(int param_1, int param_2, int param_3, byte * param_4)",
0x08015EF4,94,Vector48_IRQ2_TAMP_STAMP,0,1,0,"undefined Vector48_IRQ2_TAMP_STAMP(void)",
0x08015F5C,48,Vector4C_IRQ3_RTC_WKUP,0,1,0,"undefined Vector4C_IRQ3_RTC_WKUP(void)",
0x08015F94,66,VectorE4_IRQ41_RTC_Alarm,0,1,0,"undefined VectorE4_IRQ41_RTC_Alarm(void)",
0x08015FE0,106,FUN_08015fe0,0,4,0,"undefined FUN_08015fe0(void)",
0x08016058,212,FUN_08016058,0,3,0,"undefined FUN_08016058(int param_1, byte * param_2)",
0x08016130,240,FUN_08016130,0,2,0,"undefined FUN_08016130(int param_1, uint * param_2)",
0x0801622C,46,FUN_0801622c,2,0,0,"undefined FUN_0801622c(int param_1)",
0x0801625C,160,FUN_0801625c,3,1,0,"undefined4 FUN_0801625c(undefined1 * param_1)",
0x08016304,56,FUN_08016304,0,3,0,"undefined FUN_08016304(undefined1 * param_1, uint param_2)","08016816:DMA failure"
0x08016340,132,FUN_08016340,0,3,0,"undefined FUN_08016340(char * param_1, uint param_2)","08016816:DMA failure"
0x080163C8,30,FUN_080163c8,0,1,0,"undefined FUN_080163c8(void)",
0x080163F4,186,FUN_080163f4,1,3,0,"undefined4 FUN_080163f4(char * param_1)",
0x080164C0,66,FUN_080164c0,1,2,0,"undefined FUN_080164c0(char * param_1)",
0x0801650C,54,FUN_0801650c,1,0,0,"undefined4 FUN_0801650c(int param_1, uint param_2, uint param_3, uint param_4)",
0x080165C0,40,FUN_080165c0,1,1,0,"undefined FUN_080165c0(void)",
0x080165E8,30,FUN_080165e8,1,0,0,"undefined FUN_080165e8(undefined4 * param_1, undefined4 * param_2)",
0x08016608,118,FUN_08016608,1,2,0,"undefined FUN_08016608(void)",
0x0801668C,2,FUN_0801668c,1,0,0,"undefined FUN_0801668c(void)",
0x0801668E,10,FUN_0801668e,1,0,0,"undefined4 FUN_0801668e(undefined4 * param_1)",
0x08016698,4,FUN_08016698,2,0,0,"undefined4 FUN_08016698(void)",
0x080166A4,26,FUN_080166a4,2,1,0,"int FUN_080166a4(undefined4 * param_1, int param_2)",
0x080166BE,24,FUN_080166be,2,1,0,"undefined4 FUN_080166be(undefined4 param_1, undefined4 param_2, byte * param_3)",
0x080166D6,4,FUN_080166d6,1,0,0,"undefined4 FUN_080166d6(void)",
0x080166DC,16,FUN_080166dc,1,2,0,"undefined8 FUN_080166dc(void)",
0x080166EC,16,FUN_080166ec,1,2,0,"undefined8 FUN_080166ec(void)",
0x080166FC,4,FUN_080166fc,0,0,0,"undefined4 FUN_080166fc(void)",
0x08016700,2,FUN_08016700,0,0,0,"undefined FUN_08016700(void)",
