start,size,kind,fn_starts,suggested_names,callers,callees
0x08008188,700,code,,0x08008188=__udivmoddi4,0x08008188<-__aeabi_uldivmod@0x08008158(bl),
0x08008446,418,code,0x080084AC 0x08008544 0x080085BC,,,0x0800845E->free|malloc|raise 0x0800848E->0x08008544 0x080084DC->free|malloc|raise 0x08008510->0x08008544 0x08008564->0x080089AC 0x08008568->abort 0x0800858A->0x08008544 0x0800859E->0x080085F8 0x080085CA->0x080085F8
0x080085F6,888,code,0x080085F8 0x080086C0 0x08008798 0x0800883C,0x08008798=memset 0x0800883C=memcpy,0x08008798<-report_buffer_init@0x0800A7CC(bl) 0x08008798<-usb_shared_reset_report@0x08013174(bl) 0x08008798<-usb_event_queue_init@0x08012A74(bl) 0x0800883C<-usb_shared_get_report@0x08013158(b) 0x0800883C<-usb_get_report@0x080130EA(b) 0x0800883C<-factory_test_send@0x0800CB44(bl~),
0x08008990,2484,code,0x080089AC 0x080089D4 0x08008A30 0x08008A6C 0x08008ABC 0x08008DE4 0x0800920C,0x0800920C=raise,0x0800920C<-abort@0x080085E8(bl),0x0800899E->0x08008ABC 0x080089C0->0x08008ABC 0x08008A88->0x08008A30 0x08008AAC->0x08008DE4 0x08008B56->memchr 0x08008B9E->memchr 0x08008BC0->memchr 0x08008C0C->0x08009B00 0x08008C3E->0x08008A30 0x08008CDA->0x08009D4C 0x08008D0C->0x08009518 0x08008D96->0x08009B00 0x08008DA4->0x0800968C 0x08008DB6->0x0800968C 0x08008DC4->0x08009518 0x08008E6A->0x08009B00
0x080093A0,1728,code,0x080093A4 0x08009518 0x0800968C 0x08009710 0x08009758 0x08009858 0x08009914 0x08009A14,0x0800968C=_fflush_r 0x08009A14=_fwalk_sglue,0x0800968C<-stdio_exit_handler@0x08009348(ptr) 0x0800968C<-cleanup_stdio@0x08009360(bl~) 0x0800968C<-cleanup_stdio@0x08009360(bl~) 0x08009A14<-stdio_exit_handler@0x08009348(b),0x080093D8->0x08008798 0x08009404->0x08008798 0x0800943A->0x08008798 0x080094BA->0x08008798 0x080094D8->0x08009758 0x080094F2->0x08008798 0x080094FC->0x080093A4 0x080095E6->0x08009858 0x080096B6->0x08009518 0x080096F0->0x08009518 0x08009720->0x080166A4 0x08009736->0x080166A4 0x0800974C->0x080166A4 0x08009778->0x08009FD0 0x080097B0->0x08009710 0x080097BE->0x08009FD4
0x08009B00,1656,code,0x08009BC4 0x08009C28 0x08009D4C 0x08009FD0 0x08009FD4 0x08009FD8 0x0800A0EC 0x0800A114 0x0800A154,,,0x08009B76->0x08009FD8 0x08009B90->0x08009858 0x08009BAC->0x08009518 0x08009BD2->0x0800A180 0x08009BE6->0x08009758 0x08009BF8->0x0800883C 0x08009C00->0x08009858 0x08009C14->0x08009858 0x08009DE4->0x08009C28 0x08009EF4->memchr 0x0800A002->_fstat_r 0x0800A012->0x08009758 0x0800A03A->0x080166D6 0x0800A064->0x08009758 0x0800A0B0->_fstat_r 0x0800A0F4->_read_r
0x0800A180,64,code,0x0800A190 0x0800A1BC,,,0x0800A1A2->0x080166EC 0x0800A1BC->0x080166FC
0x0800A1D8,1444,code,0x0800A1FC 0x0800A240 0x0800A268 0x0800A2DC 0x0800A33C 0x0800A3A0 0x0800A3D4 0x0800A41C 0x0800A42C 0x0800A42E 0x0800A430 0x0800A432 0x0800A434 0x0800A436 0x0800A4B0 0x0800A4E8 0x0800A570 0x0800A58C 0x0800A59C 0x0800A5D4 0x0800A5EE 0x0800A608 0x0800A664 0x0800A67C ...,,,0x0800A1E0->0x08008798 0x0800A228->0x0800883C 0x0800A248->0x0800A1D8 0x0800A24C->report_buffer_init 0x0800A250->0x0800B328 0x0800A254->0x0800C058 0x0800A258->0x0800BC8C 0x0800A26E->0x0800C158 0x0800A29A->0x0800C158 0x0800A2A0->timer_read32 0x0800A2AE->0x0800B39C 0x0800A2BA->0x0800B6AC 0x0800A2E2->0x0800C158 0x0800A314->0x0800883C 0x0800A31A->0x0800A808 0x0800A342->0x0800C158
0x0800A788,68,code,,,,0x0800A78E->keyboard_leds 0x0800A798->lpm_timer_reset 0x0800A79C->0x0800C144 0x0800A7B0->indicator_battery_low_enable 0x0800A7B6->0x0800B420 0x0800A7C2->0x0800C4B4
0x0800A808,132,code,0x0800A840 0x0800A874,,,0x0800A824->0x0800883C 0x0800A85A->0x0800883C
0x0800A89C,896,code,0x0800A8BC 0x0800A8C8 0x0800A8D4 0x0800A98C 0x0800AA20 0x0800AA64 0x0800AB3C 0x0800AB70 0x0800ABA4 0x0800ABDC,,,0x0800A8A2->0x0801258C 0x0800A8D6->keyboard_leds 0x0800A8DE->0x0800A874 0x0800A8EC->0x0800A89C 0x0800A8FE->0x0800A840 0x0800A90C->timer_read32 0x0800A918->timer_read32 0x0800A942->timer_read32 0x0800A956->0x0801258C 0x0800A99C->_pal_lld_setgroupmode 0x0800A9A4->chThdSleep 0x0800A9B8->_pal_lld_setgroupmode 0x0800A9C6->_pal_lld_setgroupmode 0x0800A9D2->_pal_lld_setgroupmode 0x0800A9DE->_pal_lld_setgroupmode 0x0800A9EC->0x0801410C
0x0800AC68,1924,code,0x0800ACEC 0x0800AD2C 0x0800AD70 0x0800ADA0 0x0800ADF8 0x0800AE20 0x0800AE58 0x0800AE88 0x0800AEBC 0x0800AEF8 0x0800AF2C 0x0800AF5C 0x0800AF8C 0x0800B008 0x0800B290 0x0800B328 0x0800B354 0x0800B366 0x0800B36A 0x0800B378 0x0800B39C 0x0800B3C4,,,0x0800AC76->0x08008798 0x0800ACAC->0x080086C0 0x0800ACB6->0x0800883C 0x0800ACBC->0x080086C0 0x0800ACC4->0x0800AA20 0x0800ACFA->0x08008798 0x0800AD14->0x0800AA20 0x0800AD36->0x08008798 0x0800AD44->spiSelect 0x0800AD4C->chThdSleep 0x0800AD54->chThdSleep 0x0800AD7C->0x08008798 0x0800ADB0->0x08008798 0x0800ADC6->0x08014120 0x0800ADCC->spiSelect 0x0800ADDA->0x080141BC
0x0800B420,1940,code,0x0800B494 0x0800B4C4 0x0800B5D0 0x0800B6AC 0x0800B800 0x0800B81C 0x0800B8DC 0x0800B91C 0x0800B970 0x0800B972 0x0800B990 0x0800B9F8 0x0800BA60 0x0800BA9C,,,0x0800B426->0x0800C48C 0x0800B44C->timer_read32 0x0800B454->0x0800C48C 0x0800B472->0x0800B378 0x0800B476->0x08010CF4 0x0800B496->keyboard_leds 0x0800B4A6->0x08012148 0x0800B4C6->keyboard_leds 0x0800B4D0->0x0800C158 0x0800B4DE->0x0800FEE4 0x0800B4E6->0x0800C144 0x0800B4F2->0x0800FEE4 0x0800B510->0x0800FE78 0x0800B528->0x0800FE78 0x0800B52C->0x0800C304 0x0800B532->0x0800C314
0x0800BBC0,176,code,0x0800BC30,,,0x0800BBD0->0x0800E4DC 0x0800BBD4->0x08011D68 0x0800BBE0->0x0801249E 0x0800BBE4->0x0801246C 0x0800BBEE->0x08014358 0x0800BBF6->chThdSleep 0x0800BBFC->0x08011B84 0x0800BC00->0x08011D68 0x0800BC08->chThdSleep 0x0800BC0E->0x08011B84 0x0800BC12->0x08011D68 0x0800BC1A->chThdSleep 0x0800BC20->mousekey_off 0x0800BC24->0x08011D68 0x0800BC48->_pal_lld_setgroupmode 0x0800BBDC->0x08012A98
0x0800BC8C,3212,code,0x0800BCA4 0x0800BCB8 0x0800BCC8 0x0800BDCC 0x0800BF94 0x0800BFF4 0x0800C058 0x0800C068 0x0800C06A 0x0800C074 0x0800C0EC 0x0800C144 0x0800C158 0x0800C16C 0x0800C1AC 0x0800C1E0 0x0800C2AC 0x0800C304 0x0800C314 0x0800C43C 0x0800C46C 0x0800C488 0x0800C48C 0x0800C4A8 ...,,,0x0800BC94->_pal_lld_setgroupmode 0x0800BCD4->0x0800BF94 0x0800BCE0->0x08014242 0x0800BCF0->0x08015410 0x0800BD04->0x08015410 0x0800BD16->0x08015410 0x0800BD28->0x08015410 0x0800BD4E->0x08015410 0x0800BD5E->0x0800BC30 0x0800BD68->_pal_lld_setgroupmode 0x0800BD72->_pal_lld_setgroupmode 0x0800BD7C->_pal_lld_setgroupmode 0x0800BD88->_pal_lld_setgroupmode 0x0800BD94->_pal_lld_setgroupmode 0x0800BDA0->_pal_lld_setgroupmode 0x0800BDA4->0x0800C068
0x0800C928,540,code,0x0800CA18 0x0800CA74 0x0800CA84,,,0x0800C998->factory_timer_start 0x0800C9D4->factory_timer_start 0x0800CA30->0x0800FEE4 0x0800CA8E->0x0801258C 0x0800CAA6->timer_read32 0x0800CAB4->0x0800DB44 0x0800CABC->0x0800E6C4 0x0800CAC0->0x0800E600 0x0800CACA->0x0800DBE2 0x0800CACE->0x08010CF4 0x0800CAD4->0x08010EF0 0x0800CAD8->0x08010C70 0x0800CADE->0x0800AEF8 0x0800CAEA->0x0801258C 0x0800CB0C->0x08010CF4 0x0800CB12->0x08010EF0
0x0800CB90,2672,code,0x0800CCF0 0x0800CD18 0x0800CD38 0x0800CD88 0x0800CDB8 0x0800CDD8 0x0800CDF4 0x0800CDFE 0x0800CF74 0x0800D088 0x0800D08C 0x0800D090 0x0800D104 0x0800D1C4 0x0800D1EC 0x0800D25C 0x0800D2A4 0x0800D2C8 0x0800D2CC 0x0800D2D0 0x0800D2D8 0x0800D2DC 0x0800D2DE 0x0800D334 ...,,,0x0800CC24->keyboard_leds 0x0800CC3C->factory_test_send 0x0800CC64->0x080085BC 0x0800CC72->0x080085BC 0x0800CC82->0x080085BC 0x0800CC92->0x0800883C 0x0800CCAA->0x0800883C 0x0800CCB6->0x0800883C 0x0800CCC2->0x0800883C 0x0800CD08->factory_test_send 0x0800CD28->0x0800DBE2 0x0800CD30->0x0800CCF0 0x0800CD44->_pal_lld_setgroupmode 0x0800CD50->_pal_lld_setgroupmode 0x0800CD5E->0x0800A98C 0x0800CD62->0x0800A240
0x0800D696,1654,code,0x0800DAB4 0x0800DAD8 0x0800DB44 0x0800DB94 0x0800DBAC 0x0800DBB8 0x0800DBC4 0x0800DBC6 0x0800DBE0 0x0800DBE2 0x0800DBE8 0x0800DBF8 0x0800DC08 0x0800DC18 0x0800DC1A 0x0800DC24 0x0800DC34 0x0800DC3C 0x0800DC58 0x0800DC64 0x0800DC7C 0x0800DC90 0x0800DCA8 0x0800DCB8 ...,,,0x0800D6A6->0x0800E2FC 0x0800D6EC->0x0800E548 0x0800D6F0->0x0800E2FC 0x0800D74A->0x0800E31C 0x0800D74E->0x0800E4DC 0x0800D756->0x0800E354 0x0800D75E->unregister_code 0x0800D772->del_mods 0x0800D778->del_mods 0x0800D77C->0x0800E4DC 0x0800D7B6->0x0800E31C 0x0800D7BA->0x0800E4DC 0x0800D7C0->0x0800D570 0x0800D7CE->host_keyboard_leds 0x0800D7D2->0x0800D4BA 0x0800D7DC->0x0800E2EC
0x0800DD32,390,code,0x0800DD34 0x0800DD78 0x0800DDB4 0x0800DDF8 0x0800DE10 0x0800DE58 0x0800DE98,,,0x0800DDE2->0x0800EA9E 0x0800DE00->0x0800DDB4 0x0800DE2C->0x0800DDB4 0x0800DE36->0x0800DD34 0x0800DE4A->0x0800DD78 0x0800DE82->0x0800DBB8 0x0800DD58->0x0800DCDA 0x0800DD94->read_source_layers_cache_impl 0x0800DE0C->0x0800EA9E 0x0800DE44->0x0800EA9E 0x0800DEB0->0x0800DBB8
0x0800DEFC,1044,code,0x0800DF00 0x0800DF94 0x0800E21C 0x0800E2E0 0x0800E2EC 0x0800E2FC,,,0x0800DF4C->0x0800D334 0x0800DF52->0x0800DEFC 0x0800DF70->0x0800DAD8 0x0800DFA8->0x0800883C 0x0800DFD4->0x0800DB94 0x0800DFE4->0x0800883C 0x0800DFEA->0x0800D54C 0x0800DFEE->0x0800DF00 0x0800DFF2->0x0800DE98 0x0800E010->0x0800D334 0x0800E016->0x0800DEFC 0x0800E044->0x0800DE98 0x0800E04A->0x0800DAD8 0x0800E068->waiting_buffer_typed.isra.0 0x0800E06E->waiting_buffer_typed.isra.0 0x0800E07A->0x0800DDF8
0x0800E38C,1832,code,0x0800E394 0x0800E3B0 0x0800E3C8 0x0800E3E4 0x0800E3EC 0x0800E408 0x0800E424 0x0800E43C 0x0800E4DC 0x0800E4FC 0x0800E504 0x0800E534 0x0800E548 0x0800E5A8 0x0800E5C0 0x0800E5C6 0x0800E5CC 0x0800E5E0 0x0800E5F4 0x0800E5FA 0x0800E600 0x0800E606 0x0800E60E 0x0800E61E ...,0x0800E4DC=send_keyboard_report,0x0800E4DC<-unregister_code@0x0800D600(b) 0x0800E4DC<-unregister_mods@0x0800D672(b) 0x0800E4DC<-unregister_mods@0x0800D684(b),0x0800E38E->0x0800D08C 0x0800E3A4->0x0800E38C 0x0800E3BC->0x0800E38C 0x0800E3D8->0x0800E38C 0x0800E3E6->0x0800D088 0x0800E3FC->0x0800E3E4 0x0800E418->0x0800E3E4 0x0800E430->0x0800E3E4 0x0800E450->0x080121E8 0x0800E456->0x0800E424 0x0800E472->0x0800E43C 0x0800E480->0x080089D4 0x0800E48C->0x0800883C 0x0800E4AA->0x0800E43C 0x0800E4B8->0x080089D4 0x0800E4C4->0x0800883C
0x0800EBBC,412,code,0x0800EC80 0x0800EC84 0x0800EC88 0x0800EC94 0x0800EC98 0x0800ECC2 0x0800ECCC 0x0800ED0C 0x0800ED0E 0x0800ED16 0x0800ED18 0x0800ED20 0x0800ED2C 0x0800ED2E 0x0800ED36 0x0800ED50,,,0x0800EC9A->0x0800EE8C 0x0800ECA2->chThdSleep 0x0800ECA6->0x0800EE8C 0x0800ECAC->0x0800ED20 0x0800ECB4->0x0800EC94 0x0800ECC4->0x0800EC98 0x0800ECCE->0x0800E5E0 0x0800ECD4->0x0800E6C4 0x0800ECD8->0x0800E5F4 0x0800ECE0->0x0800E600 0x0800ECE8->0x0800ECC2 0x0800ECEC->0x0800E5FA 0x0800ECF0->0x0800DBE2 0x0800ED10->0x0800ED0C 0x0800ED1A->0x0800ED16 0x0800ED52->0x0800ED2E
0x0800ED7A,1498,code,0x0800ED7C 0x0800EDB8 0x0800EE58 0x0800EE8C 0x0800EEF8 0x0800EF1C 0x0800EF30 0x0800F060 0x0800F072 0x0800F084 0x0800F0A0 0x0800F0BE 0x0800F0DC 0x0800F13C 0x0800F170 0x0800F18C 0x0800F1A8 0x0800F1C4 0x0800F1C8 0x0800F1CC 0x0800F1D6 0x0800F1E0 0x0800F200 0x0800F220 ...,0x0800F084=main 0x0800F2E8=wear_leveling_consolidate_force,0x0800F084<-endinitloop@0x080080C8(bl) 0x0800F2E8<-wear_leveling_consolidate_if_needed@0x0800F354(b),0x0800ED8A->setPinInputHigh_atomic 0x0800EDA2->setPinInputHigh_atomic 0x0800EDE8->_pal_lld_setgroupmode 0x0800EDF6->0x0800ED36 0x0800EE36->setPinInputHigh_atomic 0x0800EE5C->0x0800ED7C 0x0800EE66->0x08008798 0x0800EE70->0x08008798 0x0800EE76->0x0800EEF8 0x0800EE96->0x08008798 0x0800EEA6->0x0800EDB8 0x0800EEB8->0x080089D4 0x0800EEDE->0x0800EF30 0x0800EEE4->0x0800ED18 0x0800EF02->free|malloc|raise 0x0800EF22->free|malloc|raise
0x0800F394,544,code,0x0800F460 0x0800F55C 0x0800F574,,,0x0800F3AE->0x080089D4 0x0800F3BC->0x0800883C 0x0800F3C0->0x0800F200 0x0800F3D2->wear_leveling_consolidate_if_needed 0x0800F3DE->0x0800F220 0x0800F3E6->0x0800F220 0x0800F420->0x0800883C 0x0800F426->wear_leveling_append_raw 0x0800F440->wear_leveling_append_raw 0x0800F464->0x0800F1E0 0x0800F468->0x0800F5F4 0x0800F46E->0x0800F1E0 0x0800F486->0x0800F29C 0x0800F49A->0x080115F0 0x0800F4AA->0x0800F29C 0x0800F4BA->0x0800F1E0
0x0800F5E4,454,code,0x0800F5F4 0x0800F67C 0x0800F6DE 0x0800F770 0x0800F776 0x0800F780 0x0800F78A 0x0800F794 0x0800F7A0,,,0x0800F5E8->0x080140C0 0x0800F5FE->0x0800F5E4 0x0800F626->flashGetSectorSize 0x0800F63A->flashGetSectorOffset 0x0800F658->0x0801357C 0x0800F68A->0x08014064
0x0800F7F8,104,code,0x0800F81C,,,
0x0800F886,198,code,0x0800F888 0x0800F8C0 0x0800F8F8,,,
0x0800F97E,74,code,,,,0x0800F99A->sqrt16
0x0800FA68,50,code,,,,
0x0800FBEE,120,code,0x0800FBF0 0x0800FC00 0x0800FC20,0x0800FC20=atan2_8,0x0800FC20<-CYCLE_SPIRAL_math@0x0800FCDC(bl~) 0x0800FC20<-BAND_SPIRAL_VAL_math@0x0800FC66(bl~) 0x0800FC20<-CYCLE_PINWHEEL_math@0x0800FCAC(bl~),0x0800FC0E->0x0800F1CC
0x0800FD14,4032,code,0x0800FD30 0x0800FD38 0x0800FE14 0x0800FE40 0x0800FE44 0x0800FE6C 0x0800FE78 0x0800FE8C 0x0800FEE4 0x0800FEF0 0x08010060 0x0801016C 0x0801016E 0x0801017A 0x0801017E 0x08010284 0x08010290 0x0801029C 0x08010360 0x0801036C 0x08010410 0x0801041C 0x08010428 0x08010434 ...,,,0x0800FD1C->0x0800F13C 0x0800FDE0->sqrt16 0x0800FE24->0x0800883C 0x0800FE4C->0x0800FE40 0x0800FE9C->0x0800F7F8 0x0800FEA4->0x0800F7F8 0x0800FEBC->0x0800FD30 0x0800FF1A->0x0800FEE4 0x0800FF24->0x08008798 0x0800FF52->0x080084AC 0x0800FF68->0x0800FE44 0x0800FF90->0x0800FE78 0x08010086->0x0800FE44 0x080100A2->0x0800883C 0x080100B2->0x0800883C 0x080100C6->0x0800883C
0x08010CF4,344,code,0x08010D40 0x08010D64 0x08010D8C 0x08010DCC 0x08010DF0 0x08010E1C 0x08010E44,,,0x08010D28->0x0800FBF0
0x08010E7C,64,code,0x08010EB4,,,0x08010E90->0x0800FBF0 0x08010EA4->rgb_matrix_increase_val_helper
0x08010EF0,268,code,0x08010F14 0x08010F54 0x08010F74 0x08010F90 0x08010F98 0x08010FA4 0x08010FB0 0x08010FCC 0x08010FE4,,,0x08010EF2->rgb_matrix_enable_noeeprom 0x08010EF8->0x0800FBF0 0x08010F08->rgb_matrix_increase_val_helper 0x08010F16->rgb_matrix_increase_val_helper 0x08010F48->0x08010E7C 0x08010F6A->0x0800FBF0 0x08010F88->0x0800FBF0
0x08011008,816,code,0x08011058 0x08011180 0x080111A0 0x08011200 0x08011218 0x0801124C,,,0x08011022->0x08010FE4 0x08011026->0x0800FE6C 0x08011030->0x0800B81C 0x08011036->0x08010FCC 0x08011062->0x0801258C 0x08011068->timer_read32 0x08011104->0x0800883C 0x08011112->0x08010A4C 0x08011120->0x0800C702 0x0801113E->0x0800FD14 0x08011146->0x0801258C 0x08011194->0x08011008 0x080111C0->spi_stop 0x080111DA->spi_transmit 0x080111E8->spi_transmit 0x080111F0->spi_stop
0x08011396,378,code,0x08011398 0x0801144C 0x08011480 0x080114B0 0x080114FC,,,0x08011460->0x08011218 0x0801149C->0x080111A0 0x080114BA->_pal_lld_setgroupmode 0x080114C2->spi_init 0x080114C8->0x0801124C 0x080114CE->0x0801124C 0x080114DE->0x08011398 0x080114E8->0x08011480 0x08011500->0x0801144C
0x0801152E,938,code,0x08011530 0x080115F0 0x08011660 0x08011668 0x080116D0 0x08011844 0x08011890 0x08011894 0x0801189C,0x0801189C=dip_switch_read,0x0801189C<-dip_switch_init@0x080118D8(b),0x0801153A->keyboard_leds 0x08011566->0x08010EB4 0x08011572->handleKeycodeRGB 0x080115B0->0x08010D40 0x0801167C->0x08011660 0x08011698->_pal_lld_setgroupmode 0x080116A4->_pal_lld_setgroupmode 0x08011764->0x08012574 0x08011778->0x0800D50C 0x0801177E->chThdSleep 0x0801178A->0x08012574 0x0801179C->0x0800D50C 0x080117A2->chThdSleep 0x080117C4->0x08012574 0x080117DA->0x0800D50C 0x080117E0->chThdSleep
0x080118F4,156,code,0x08011940 0x0801197C,,,0x08011902->keyboard_leds 0x08011908->0x080119C0 0x0801191E->0x0801199C 0x08011924->0x0801197C 0x0801192A->0x080119F8 0x08011938->0x08011940 0x08011948->0x0800CDF4 0x08011950->0x08012574 0x08011984->0x0800CDFE 0x08011966->0x08008798
0x0801199C,684,code,0x080119C0 0x080119DC 0x080119F8 0x08011A08 0x08011A3C 0x08011A50 0x08011A62 0x08011A8C 0x08011B14 0x08011B84,,,0x080119C6->0x0801257E 0x080119E4->0x080119C0 0x080119FA->0x08012574 0x08011A46->0x08011A08 0x08011A58->0x08011A08 0x08011AA6->0x0801257E 0x08011B38->0x0801257E 0x08011B8E->0x08012574 0x08011BA6->0x08012574 0x08011BCE->0x08011A8C 0x08011BD8->0x08011A8C 0x08011BDE->0x08011A8C 0x08011BE8->0x08011A8C 0x08011BEE->0x08011B14 0x08011BF6->0x08011B14 0x08011BFE->0x08011B14
0x08011D48,1008,code,0x08011D68 0x08011DA0 0x08011DCC 0x08011DF0 0x08011F8C 0x08011F92 0x08011FB8 0x08012000 0x08012040 0x080120D0 0x08012120 0x0801212C,0x08011D68=mousekey_send,0x08011D68<-unregister_code@0x0800D600(b),0x08011D6A->0x08012574 0x08011DA8->0x08008798 0x08011DFA->0x0800883C 0x08011E18->0x0801257E 0x08011E3A->0x0801257E 0x08011E52->0x080123BC 0x08011E5A->0x08011DCC 0x08011E60->0x08011D68 0x08011E6A->0x0800883C 0x08011E90->0x08011A8C 0x08011EAA->0x08011A8C 0x08011ECE->0x08011A62 0x08011EDC->0x08011A62 0x08011F0A->0x08011B14 0x08011F24->0x08011B14 0x08011F48->0x08011A62
0x08012148,64,code,0x08012150 0x08012160 0x08012174,,,0x0801214A->host_keyboard_leds
0x080121E8,800,code,0x08012238 0x0801231C 0x08012350 0x08012384 0x080123BC 0x08012404 0x08012406 0x08012410 0x08012424 0x08012438 0x0801243C 0x08012450 0x08012454 0x08012456 0x08012458 0x0801245A 0x08012462 0x08012464 0x0801246C 0x08012490 0x0801249E 0x080124B0 0x08012504,0x08012350=del_key_from_report,0x08012350<-unregister_code@0x0800D600(bl),0x08012408->0x08012404 0x0801241A->0x08012406 0x0801242C->0x08012406 0x08012444->0x08012406 0x0801245C->0x08012458 0x08012466->0x08012462 0x0801246E->0x08012454 0x08012472->0x0800EE8C 0x08012476->0x08012456 0x0801247E->0x0800ED20 0x08012492->0x08013CD0 0x080124A0->0x0800D45C 0x080124B2->0x0800E33C 0x080124B6->0x0800E374 0x080124BA->0x08012384 0x080124BE->0x08011DA0
0x08012574,36,code,0x0801257E 0x0801258C,,,0x08012576->timer_read32 0x08012582->timer_read32 0x08012590->timer_read32
0x080125BC,184,code,0x080125CC 0x080125E4 0x080125F0 0x080125FA 0x08012600,,,0x080125F2->0x080125BC 0x080125F6->__NVIC_SystemReset 0x080125FC->__NVIC_SystemReset 0x08012602->0x080125CC 0x08012608->0x080125E4
0x080127FE,346,code,0x08012800 0x08012914,,,0x08012944->0x08012CB8 0x0801282A->0x0801319C 0x0801284E->0x080133F8 0x080128A6->0x08013448
0x080129B4,192,code,,,,0x080129CE->0x08012E94 0x080129D4->0x08012E94 0x080129DA->0x08012E94 0x080129E0->0x08012EB4 0x080129F2->usb_event_queue_enqueue.isra.0 0x08012A00->usb_event_queue_enqueue.isra.0 0x08012A14->0x08012E46 0x08012A1A->0x08012E46 0x08012A20->0x08012E46 0x08012A26->0x08012E6E 0x08012A3A->0x08012E88 0x08012A40->0x08012E88 0x08012A46->0x08012E88 0x08012A4C->0x08012E8E 0x080129FC->usb_event_queue_enqueue.isra.0
0x08012A98,288,code,0x08012AA4 0x08012AAE 0x08012AC6 0x08012AE4 0x08012AF8 0x08012B00 0x08012B50,,,0x08012AC0->0x08012424 0x08012ACE->0x080124B0 0x08012ADE->0x08012438 0x08012AF2->0x08012410 0x08012B02->0x0801243C 0x08012B58->0x08012DA8 0x08012B62->0x08012E08 0x08012B68->0x08012DA8 0x08012B72->0x08012E08 0x08012B78->0x08012DA8 0x08012B80->0x08012E08 0x08012B86->0x08012DE0 0x08012B8C->0x08012E28 0x08012B92->0x08014242 0x08012B9A->chThdSleep 0x08012BA6->0x0801421C
0x08012BC4,32,code,,0x08012BC4=send_report.isra.0,0x08012BC4<-send_keyboard@0x08012BE4(b) 0x08012BC4<-send_nkro@0x08012BEE(b) 0x08012BC4<-send_mouse@0x08012BF8(b),0x08012BD6->0x08012FA2
0x08012C0C,1076,code,0x08012C1C 0x08012C44 0x08012C48 0x08012C4A 0x08012C4C 0x08012C5C 0x08012C68 0x08012C6C 0x08012C98 0x08012CA4 0x08012CA8 0x08012CB8 0x08012D30 0x08012D6A 0x08012DA0 0x08012DA8 0x08012DE0 0x08012E08 0x08012E28 0x08012E46 0x08012E6E 0x08012E88 0x08012E8E 0x08012E94 ...,0x08012C0C=raw_hid_send.part.0 0x08012C4C=__early_init,0x08012C0C<-factory_test_send@0x0800CB44(bl~) 0x08012C4C<-_crt0_entry@0x08008000(bl),0x08012C2A->0x08013078 0x08012C38->0x0800C908 0x08012C4E->0x08012C44 0x08012C52->0x08016608 0x08012C56->0x08012C48 0x08012C5E->__aeabi_idiv0|__aeabi_ldiv0|__cpu_init|__late_init|__malloc_lock|__malloc_unlock|_fini|dummy_cb|td0_reset|wireless_enter_bluetooth_pin_code_entry_kb 0x08012C62->0x08012C4A 0x08012C6E->usb_event_queue_init 0x08012C74->0x08012B50 0x08012CAA->0x08012C1C 0x08012D50->0x08013EBA 0x08012D62->0x08014334 0x08012D84->0x08013D68 0x08012DD2->0x08013E74 0x08012DFA->0x08013D24 0x08012E52->chThdDequeueAllI.constprop.0
0x08013078,114,code,0x080130C4,,,0x080130AE->0x08013DF2 0x080130D0->0x08013CFA 0x080130E4->0x0800883C
0x0801311C,60,code,,,,0x08013138->0x08013CFA 0x08013150->0x0800883C
0x0801319A,90,code,0x0801319C,,,
0x0801321C,80,code,,,,0x0801323C->0x08013CFA 0x08013256->__aeabi_uldivmod
0x080132A6,582,code,0x080132A8 0x08013304 0x080133F8 0x08013448 0x08013494 0x080134AC 0x080134D8,,,0x080132D4->0x08013CFA 0x080132EE->__aeabi_uldivmod 0x0801334A->usb_endpoint_in_is_inactive 0x08013376->0x08012BC4 0x080133AA->usb_endpoint_in_is_inactive 0x080133E6->0x08012BC4 0x080134E0->0x080134AC
0x08013546,88,code,0x0801354C 0x0801357C 0x08013594 0x08013598,,,0x08013558->0x08013494 0x08013560->0x0801396C 0x08013594->0x08013774 0x0801359C->chSysGetStatusAndLockX.part.0+0xA
0x080135DC,604,code,0x080135EC 0x08013616 0x080136F4 0x08013708 0x08013774,,,0x08013626->0x08013D1C 0x0801362A->0x08013CFA 0x0801366E->0x08013D02 0x08013674->0x08013CFA 0x08013684->0x08013D1C 0x080136AA->0x08013CFA 0x080136DA->0x08013616 0x08013752->0x08013CFA 0x08013786->0x08013CFA 0x080137B2->0x08013D12 0x080137CE->0x08013CFA 0x080137E0->0x080135DC 0x0801380C->0x080135EC 0x08013746->0x08013D12
0x080138D4,124,code,0x08013928,0x080138D4=chSchGoSleepTimeoutS 0x08013928=chSchDoPreemption,0x080138D4<-chThdSleep@0x08013A7A(bl) 0x08013928<-chSchRescheduleS@0x08013950(b),0x080138E8->0x080136F4 0x080138EE->chSchGoSleepS 0x080138F8->0x08013708 0x08013902->chSchGoSleepS 0x0801393C->0x08013854 0x08013948->__port_switch
0x0801396C,270,code,0x080139EC 0x08013A00 0x08013A50 0x08013A70,0x08013A70=chThdExit,0x08013A70<-__port_thread_start@0x0800813C(bl),0x0801397E->0x08013C34 0x0801399A->0x08013CFA 0x080139B2->0x080139EC 0x080139D2->0x08013A50 0x08013A52->0x08013A00 0x08013A5A->0x080138B4 0x08013A68->chSchGoSleepS
0x08013A92,104,code,0x08013A94 0x08013AB0 0x08013AC4 0x08013AE4,0x08013AB0=chThdResumeI,0x08013AB0<-otg_epout_handler.constprop.0@0x08015910(bl~),0x08013AA0->0x080138D4 0x08013ABC->0x080138B4 0x08013AD6->0x080138D4 0x08013AF4->0x080138B4
0x08013B34,224,code,0x08013B40 0x08013BA4 0x08013BB8,,,0x08013B6A->ch_sch_prio_insert 0x08013B86->0x080138B4 0x08013B8E->ch_sch_prio_insert 0x08013BAC->0x08013B40 0x08013BE6->0x080138B4 0x08013BEA->chSchRescheduleS 0x08013B9A->chSchGoSleepS
0x08013C34,72,code,,,,
0x08013CD0,466,code,0x08013CFA 0x08013D02 0x08013D12 0x08013D1C 0x08013D24 0x08013D52 0x08013D68 0x08013D7C 0x08013D9C 0x08013DCE 0x08013DF2 0x08013E74,,,0x08013CD2->0x08014AB4 0x08013CD6->0x0801531C 0x08013CDA->0x0801408C 0x08013CDE->0x0801410C 0x08013CE2->0x08014200 0x08013CE6->0x080140F4 0x08013CEA->0x08012C5C 0x08013DBE->0x08013AC4 0x08013E12->0x08013D9C 0x08013E3A->0x0800883C 0x08013E50->0x08013DCE 0x08013E66->0x0800883C 0x08013CF6->0x08016578 0x08013D64->chThdDequeueAllI.constprop.0 0x08013D98->0x08013AE4
0x08013EBA,108,code,0x08013ED6 0x08013EF4,,,0x08013F16->0x08013AC4 0x08013EF0->0x08013AE4
0x08013F4C,228,code,0x08013FD2 0x08013FF4,,,0x08013F6C->0x08013EF4 0x08013F94->0x0800883C 0x08013FAE->obqPostFullBufferS 0x08013FC4->0x0800883C 0x08013FE6->obqPostFullBufferS 0x0801401E->__aeabi_uldivmod 0x08014022->chThdSleep
0x08014064,250,code,0x08014074 0x08014080 0x0801408C 0x08014090 0x080140A4 0x080140C0 0x080140DC 0x080140F4 0x080140F8 0x08014104 0x08014108 0x0801410C 0x08014110 0x08014120 0x08014142,0x08014120=spiStart 0x08014142=spiStop,0x08014120<-spi_start@0x080126E8(bl) 0x08014142<-spi_init@0x08012674(bl) 0x08014142<-spi_stop@0x080127D8(bl),0x08014078->0x08013BB8 0x08014084->0x08013BA4 0x080140B0->0x08014CD4 0x080140CA->0x08014CFC 0x0801412C->0x080163F4 0x0801414C->0x080164C0 0x0801408C->0x08014C78 0x0801409A->0x08013B34 0x080140F4->0x08015FE0 0x08014104->0x08016058 0x08014108->0x08016130 0x0801410C->0x080163C8 0x0801411C->0x08013B34
0x08014196,1838,code,0x080141A4 0x080141AC 0x080141BC 0x080141DE 0x08014200 0x08014204 0x0801421C 0x08014242 0x08014294 0x080142C6 0x08014310 0x08014334 0x08014358 0x08014396 0x08014406 0x08014462 0x08014478 0x08014740 0x080147F2 0x0801486A 0x08014896,0x080141DE=spiSend,0x080141DE<-spi_transmit@0x080127C4(bl),0x080141C6->0x08014196 0x080141D2->0x080141AC 0x080141E8->0x080141A4 0x080141F4->0x080141AC 0x08014232->0x08015558 0x0801424E->0x08015624 0x08014270->0x08013AB0 0x08014280->0x08013AB0 0x0801428A->chSchRescheduleS 0x080142AA->0x08008798 0x080142B6->0x08008798 0x080142EC->0x08013AB0 0x080142FC->0x08013AB0 0x08014382->chThdSleep 0x080143CA->0x08013AB0 0x080143DA->0x08013AB0
0x08014A60,252,code,0x08014AB4,0x08014A60=VectorB0,0x08014A60<-_vectors@0x080000B0(vec),0x08014A62->0x080165C0 0x08014A74->0x0801486A 0x08014A7C->0x0801486A 0x08014A84->0x0801486A 0x08014A8C->0x0801486A 0x08014A94->0x0801486A 0x08014A9C->0x0801486A 0x08014AA4->0x0801486A 0x08014B46->0x08015164 0x08014A6A->__port_irq_epilogue 0x08014AB0->0x0801486A
0x08014C78,370,code,0x08014CD4 0x08014CFC 0x08014D08 0x08014D0C 0x08014D3A,,,0x08014C7E->0x08014090 0x08014D2A->0x0800883C 0x08014DC8->stm32_flash_check_errors
0x08015164,468,code,0x080151A8 0x08015258 0x080152B0 0x0801531C,,,0x08015242->0x0801486A 0x0801525E->0x08014896
0x08015410,100,code,,,,
0x08015536,862,code,0x08015538 0x08015558 0x08015624 0x08015668 0x08015718 0x08015730 0x08015844 0x0801584E 0x08015868 0x08015882,,,0x0801553E->0x08014204 0x08015594->0x0801486A 0x080155C0->chSysPolledDelayX 0x080155CC->chSysPolledDelayX 0x080155DC->otg_disable_ep 0x08015630->otg_disable_ep 0x08015646->0x08014896 0x08015672->otg_txfifo_flush.isra.0 0x080156C0->chSysPolledDelayX 0x080157CE->otg_txfifo_flush.isra.0 0x0801581E->otg_txfifo_flush.isra.0 0x0801584A->otg_disable_ep 0x08015890->0x0800883C
0x080159C0,1202,code,0x08015A4C 0x08015B5C 0x08015E24 0x08015E38 0x08015E4C 0x08015E60,0x08015B5C=Vector14C,0x08015B5C<-_vectors@0x0800014C(vec),0x08015A9A->0x080159C0 0x08015B0E->0x08013AB0 0x08015B74->0x08014396 0x08015BA8->0x08014462 0x08015BB2->otg_disable_ep 0x08015BB8->0x08014406 0x08015C08->0x08014462 0x08015C52->otg_txfifo_flush.isra.0 0x08015C8A->0x08013AB0 0x08015D04->0x08013AB0 0x08015D58->otg_epout_handler.constprop.0 0x08015D62->otg_epout_handler.constprop.0 0x08015D6C->otg_epout_handler.constprop.0 0x08015D76->otg_epout_handler.constprop.0 0x08015D86->0x08015A4C 0x08015D90->0x08015A4C
0x08015E90,42,code,,,,
0x08015FE0,588,code,0x08016058 0x08016130,,,0x08015FE6->0x080140F8 0x08015FFE->rtc_enter_init.lto_priv.0 0x08016022->0x080152B0 0x0801602A->0x0801486A 0x08016032->0x0801486A 0x080160F8->0x08013598 0x080160FC->rtc_enter_init.lto_priv.0 0x08016138->0x08013598 0x0801603E->0x0801486A 0x08016128->chSysRestoreStatusX
0x0801625A,910,code,0x0801625C 0x08016304 0x08016340 0x080163C8 0x080163F4 0x080164C0 0x0801650C 0x08016542 0x08016578 0x080165C0,,,0x080162F6->spi_lld_configure 0x08016310->0x0801357C 0x08016316->0x0801625C 0x08016330->0x08013AB0 0x0801634E->0x0801357C 0x08016354->0x0801625C 0x0801636E->0x08013AB0 0x080163A8->0x0801625C 0x080163CE->0x08014110 0x08016412->0x080151A8 0x08016428->0x080151A8 0x08016432->0x08015258 0x0801649C->spi_lld_configure 0x080164CA->0x0801625C 0x080164D8->0x08015258 0x080164DE->0x08015258
0x08016606,134,code,0x08016608,,,0x08016636->gpio_init 0x08016642->gpio_init 0x0801664E->gpio_init 0x0801665A->gpio_init 0x08016666->gpio_init 0x08016672->gpio_init 0x0801667A->stm32_clock_init
0x080166EC,40,post-text(rodata/.data image),0x080166FC,,,0x080166F0->0x0801357C 0x080166F4->abort
0x08016790,156,ascii-strings,0x0801679A 0x08016808 0x08016810 0x08016826,,,
0x080170C4,60,post-text(rodata/.data image),,,,
0x08017197,493,post-text(rodata/.data image),0x080171A8 0x080171CA 0x08017280,,,0x0801728B->0x080170E1 0x0801734F->efl_lld_size4+0xF
0x08017590,36,post-text(rodata/.data image),,,,
0x0801765C,404,post-text(rodata/.data image),,,,
0x08017850,436,post-text(rodata/.data image),,,,
0x08017CA8,604,post-text(rodata/.data image),,,,
